"I am writing to express my concerns regarding the proposed increase in capital requirements for banks, and the harmful ","64110 Federal Register / Vol. 88, No. 179 / Monday, September 18, 2023 / Proposed Rules  293See section III.H.6.d of this SUPPLEMENTARY   INFORMATION for a more detailed discussion of the  capital add-on for re-designations. 294Separate capital calculations could  unnecessarily increase capital requirement because  they ignore the offsetting benefits between market risk covered positions held by trading desks subject to the internal models approach and those held by trading desks subject to the standardized approach.",0.661274254322052
"I am writing to express my concerns regarding the proposed increase in capital requirements for banks, and the harmful ","64148 Federal Register / Vol. 88, No. 179 / Monday, September 18, 2023 / Proposed Rules  422The agencies would expect a banking  organization to have sound internal capital  assessment processes which would include, but not be limited to, identification of capital adequacy goals with respect to risks, taking into account the strategic focus and business plan of the banking organization, risk identification, measurement, and documentation, as well as a process of internal controls, reviews and audits. the cash leg of the transaction could opt  into this treatment.",0.6259679198265076
"I am writing to express my concerns regarding the proposed increase in capital requirements for banks, and the harmful ","64078 Federal Register / Vol. 88, No. 179 / Monday, September 18, 2023 / Proposed Rules  162Consistent with the current capital rule, under  the proposal, an equity exposure to an investment  firm that is treated as a traditional securitization would be subject to due diligence requirements. If a banking organization is unable to demonstrate to the satisfaction of the primary Federal supervisor a comprehensive understanding of the features of an equity exposure that would materially affect the performance of the exposure, the proposal would require the banking organization to assign a risk weight of 1,250 percent to the equity exposure to the investment firm.  ",0.6033388376235962
"I am writing to express my concerns regarding the proposed increase in capital requirements for banks, and the harmful ","64169 Federal Register / Vol. 88, No. 179 / Monday, September 18, 2023 / Proposed Rules  464Further breakdown by category shows that the  proposal would increase binding common equity  tier 1 capital requirements by an estimated 19 percent for holding companies subject to Category I or II capital standards, by an estimated 6 percent for Category III and IV domestic holding companies, and by an estimated 14 percent for Category III and IV intermediate holding companies of foreign banking organizations. The impact assessment focuses on common equity tier 1 capital because it is the highest quality of regulatory capital and its minimum regulatory requirements are risk-based.  ",0.58289635181427
"I am writing to express my concerns regarding the proposed increase in capital requirements for banks, and the harmful ","64037 Federal Register / Vol. 88, No. 179 / Monday, September 18, 2023 / Proposed Rules  38For banking organizations that are not subject  to Category I or II capital standards, the current  capital rule does not have distinct treatments for significant and nonsignificant investments in the capital of unconsolidated financial institutions.",0.5777309536933899
"I am writing to express my concerns regarding the proposed increase in capital requirements for banks, and the harmful ","64124 Federal Register / Vol. 88, No. 179 / Monday, September 18, 2023 / Proposed Rules  357The proposal would require a banking  organization to apply the highest risk weight that  is applicable under the investment limits of an equity position in an investment fund that may invest in primarily high-yield or distressed names under the fund’s mandate by first applying the highest risk weight that is applicable under the fund’s investment limits to defaulted instruments, followed by sub-speculative grade, then speculative grade, then investment grade securities. A banking organization may not recognize any offsetting or diversification benefit when calculating the average risk weight of the fund.",0.5776463150978088
"I am writing to express my concerns regarding the proposed increase in capital requirements for banks, and the harmful ","64302 Federal Register / Vol. 88, No. 179 / Monday, September 18, 2023 / Proposed Rules  significant investments in the capital of  an unconsolidated financial institution and, if applicable, any investments in a covered debt instrument subject to deduction under this paragraph (c)(5), exceeding the 10 percent threshold for non-significant investments, multiplied by  (B) The ratio of the national bank’s or  Federal savings association’s aggregate non-significant investments in the capital of an unconsolidated financial institution (in the form of such capital component) to the national bank’s or Federal savings association’s total non- significant investments in unconsolidated financial institutions, with an investment in a covered debt instrument being treated as tier 2 capital for this purpose.  ",0.5765129327774048
"I am writing to express my concerns regarding the proposed increase in capital requirements for banks, and the harmful ","64111 Federal Register / Vol. 88, No. 179 / Monday, September 18, 2023 / Proposed Rules  298The respective components of the  standardized approach capital requirement are the  sensitivities-based method capital requirement, the standardized default risk capital requirement, and the residual risk add-on.   299The respective components of IMA totalare:  IMA G,A, SA U, SA all desks , SA G,A, SA i(as part of the  PLA add-on calculation), the capital add-on for certain securitization and correlation trading positions or equity positions in an investment fund on model-eligible trading desks, and any additional capital requirement established by the primary Federal supervisor.",0.573350191116333
"I am writing to express my concerns regarding the proposed increase in capital requirements for banks, and the harmful ","64185 Federal Register / Vol. 88, No. 179 / Monday, September 18, 2023 / Proposed Rules  of the depository institution, foreign  bank, or credit union, and;  (ii) If applicable, the capital ratio  requirements for the well capitalized capital category under the regulations of the appropriate Federal banking agency implementing 12 U.S.C. 1831o or under similar regulations of the National Credit Union Administration.   (2) Notwithstanding paragraph (1) of  this definition, an exposure is not a Grade A bank exposure if:  (i) The capital ratios for the  depository institution, foreign bank, or credit union have not been publicly disclosed within the previous 6 months;  (ii) The external auditor of the  depository institution, foreign bank, or credit union has issued an adverse audit opinion or has expressed substantial doubt about the ability of the depository institution, foreign bank, or credit union to continue as a going concern within the previous 12 months; or  (iii) For a foreign bank, the capital  standards imposed by the home country supervisor on the foreign bank are not consistent with the Capital Accord of the Basel Committee on Banking Supervision.  ",0.5728545188903809
"I am writing to express my concerns regarding the proposed increase in capital requirements for banks, and the harmful ","64219 Federal Register / Vol. 88, No. 179 / Monday, September 18, 2023 / Proposed Rules  (b) Risk management-related  disclosure requirements. (1) The  [BANKING ORGANIZATION] must describe its risk management objectives and policies for the organization overall, in particular:  (i) How the business model  determines and interacts with the overall risk profile (e.g., the key risks  related to the business model and how each of these risks is reflected and described in the risk disclosures) and how the risk profile of the [BANKING ORGANIZATION] interacts with the risk tolerance approved by the board;  (ii) The risk governance structure,  including: responsibilities attributed throughout the [BANKING ORGANIZATION]",0.5727513432502747
"their operations. An increase in capital requirements will limit their access to crucial financing, consequently, reducing ","64302 Federal Register / Vol. 88, No. 179 / Monday, September 18, 2023 / Proposed Rules  significant investments in the capital of  an unconsolidated financial institution and, if applicable, any investments in a covered debt instrument subject to deduction under this paragraph (c)(5), exceeding the 10 percent threshold for non-significant investments, multiplied by  (B) The ratio of the national bank’s or  Federal savings association’s aggregate non-significant investments in the capital of an unconsolidated financial institution (in the form of such capital component) to the national bank’s or Federal savings association’s total non- significant investments in unconsolidated financial institutions, with an investment in a covered debt instrument being treated as tier 2 capital for this purpose.  ",0.570666491985321
"I am writing to express my concerns regarding the proposed increase in capital requirements for banks, and the harmful ","64074 Federal Register / Vol. 88, No. 179 / Monday, September 18, 2023 / Proposed Rules  147While the proposal would require banking  organizations that are not subject to the proposed  market risk capital framework to calculate risk- weighted assets for all publicly traded equity exposures under the proposed equity framework, such entities typically do not have material equity exposures.   148See §ll.202 for the proposed definition of  market risk covered position.",0.5682792067527771
"circumstances; therefore, one has to wonder if there is a need to raise capital requirements on banks. ","64148 Federal Register / Vol. 88, No. 179 / Monday, September 18, 2023 / Proposed Rules  422The agencies would expect a banking  organization to have sound internal capital  assessment processes which would include, but not be limited to, identification of capital adequacy goals with respect to risks, taking into account the strategic focus and business plan of the banking organization, risk identification, measurement, and documentation, as well as a process of internal controls, reviews and audits. the cash leg of the transaction could opt  into this treatment.",0.5650089979171753
"I am writing to express my concerns regarding the proposed increase in capital requirements for banks, and the harmful ","64083 Federal Register / Vol. 88, No. 179 / Monday, September 18, 2023 / Proposed Rules  178Recent research connecting operational risk to  higher business volume includes Frame, McLemore,  and Mihov (2020), Haste Makes Waste: Banking Organization Growth and Operational Risk, Federal Reserve Bank of Dallas, https://www.dallasfed.org/ research/papers/2020/wp2023; Curti, Frame, and  Mihov (2019), Are the Largest Banking Organizations Operationally More Risky?, Journal of Money, Credit and Banking Vol. 54, Issue 5, 1223– 1259, https://doi.org/10.1111/jmcb.12933; and  Abdymomunov and Curti (2020),",0.5625638365745544
"their operations. An increase in capital requirements will limit their access to crucial financing, consequently, reducing ","64110 Federal Register / Vol. 88, No. 179 / Monday, September 18, 2023 / Proposed Rules  293See section III.H.6.d of this SUPPLEMENTARY   INFORMATION for a more detailed discussion of the  capital add-on for re-designations. 294Separate capital calculations could  unnecessarily increase capital requirement because  they ignore the offsetting benefits between market risk covered positions held by trading desks subject to the internal models approach and those held by trading desks subject to the standardized approach.",0.558617889881134
requirements would alter the standards for borrowers to receive loans and make it exceedingly more difficult for people ,"64048 Federal Register / Vol. 88, No. 179 / Monday, September 18, 2023 / Proposed Rules  88The risk weight assigned to loans does not  impact the appropriate treatment of loans under the  agencies’ other regulations and guidance, such as the supervisory LTV limits under the real estate lending guidelines.",0.5570676922798157
"I am writing to express my concerns regarding the proposed increase in capital requirements for banks, and the harmful ","64211 Federal Register / Vol. 88, No. 179 / Monday, September 18, 2023 / Proposed Rules  capital treatment under either this  subpart or subpart F, whichever results in the highest risk-based capital requirement.  ",0.5566684603691101
"I am writing to express my concerns regarding the proposed increase in capital requirements for banks, and the harmful ","64035 Federal Register / Vol. 88, No. 179 / Monday, September 18, 2023 / Proposed Rules  27Initially, the Board did not incorporate the  stress capital buffer requirement into the advanced  approaches capital conservation buffer requirement owing to the complexity involved in doing so.   28The Board’s Stress Testing Policy Statement  includes an assumption that the magnitude of a banking organization’s balance sheet will be fixed throughout the projection horizon under the supervisory stress test.",0.5539602637290955
"I am writing to express my concerns regarding the proposed increase in capital requirements for banks, and the harmful ","64239 Federal Register / Vol. 88, No. 179 / Monday, September 18, 2023 / Proposed Rules  (c) Treatment of hybrid instruments in  the standardized approach capital  requirement. For purposes of calculating  the standardized approach capital requirement, a [BANKING ORGANIZATION] must assign risk sensitivities of hybrid instruments into the applicable risk classes such as interest rate, credit spread, and equity risk for calculating the delta, vega, and curvature capital requirements.",0.5496618151664734
The proposed requirements will specifically have detrimental effects on credit availability and will disproportionately ,"64102 Federal Register / Vol. 88, No. 179 / Monday, September 18, 2023 / Proposed Rules  268Specifically, to align with the GAAP  considerations for valuation of market risk covered  positions, the proposal would eliminate the market risk capital rule requirement that a banking organization’s process for valuing covered positions must consider, as appropriate, unearned credit spreads, close-out costs, early termination costs, investing and funding costs, liquidity, and model risk. See 12 CFR 3.203(b)(2) (OCC); 12 CFR  217.203(b)(2) (Board); 12 CFR 324.203(b)(2) (FDIC).",0.5472944378852844
"I am writing to express my concerns regarding the proposed increase in capital requirements for banks, and the harmful ","64135 Federal Register / Vol. 88, No. 179 / Monday, September 18, 2023 / Proposed Rules  390As discussed in section III.H.8.a.ii. I of this  SUPPLEMENTARY INFORMATION , a banking  organization may elect to either use (1) the full set  of risk factors employed by its internal risk management models and directly calculate the daily expected shortfall measure under the selected twelve-month period of stress or (2) an appropriate subset of modellable risk factors to estimate the potential losses that would be incurred throughout the selected stress period, which would require the banking organization to estimate a daily expected shortfall measure for both the current and stress period.  ",0.5455999970436096
"I am writing to express my concerns regarding the proposed increase in capital requirements for banks, and the harmful ","64168 Federal Register / Vol. 88, No. 179 / Monday, September 18, 2023 / Proposed Rules  461For credit risk revisions, almost all banking  organizations subject to Category I or II capital  standards, as well as two banking organizations subject to Category III capital standards, report their estimated impacts. For market risk revisions, only the top trading firms report their estimated impacts.  ",0.541899561882019
"I am writing to express my concerns regarding the proposed increase in capital requirements for banks, and the harmful ","64063 Federal Register / Vol. 88, No. 179 / Monday, September 18, 2023 / Proposed Rules  120See Basel Committee, ‘‘Strengthening the  resilience of the banking sector—consultative  document,’’ December 2009; https://www.bis.org/ publ/bcbs164.pdf. 121If the mutual fund qualifies for the full look-  through approach described in section III.E.1.c.ii of this  SUPPLEMENTARY INFORMATION but would be  treated as a market risk covered position as described in section III.H.3 of this  SUPPLEMENTARY   INFORMATION if the banking organization held the  mutual fund directly, the banking organization is permitted to apply the alternative method to calculate the haircut.",0.5418100357055664
"circumstances; therefore, one has to wonder if there is a need to raise capital requirements on banks. ","64037 Federal Register / Vol. 88, No. 179 / Monday, September 18, 2023 / Proposed Rules  38For banking organizations that are not subject  to Category I or II capital standards, the current  capital rule does not have distinct treatments for significant and nonsignificant investments in the capital of unconsolidated financial institutions.",0.5417838096618652
"circumstances; therefore, one has to wonder if there is a need to raise capital requirements on banks. ","64110 Federal Register / Vol. 88, No. 179 / Monday, September 18, 2023 / Proposed Rules  293See section III.H.6.d of this SUPPLEMENTARY   INFORMATION for a more detailed discussion of the  capital add-on for re-designations. 294Separate capital calculations could  unnecessarily increase capital requirement because  they ignore the offsetting benefits between market risk covered positions held by trading desks subject to the internal models approach and those held by trading desks subject to the standardized approach.",0.5399945974349976
"their operations. An increase in capital requirements will limit their access to crucial financing, consequently, reducing ","64037 Federal Register / Vol. 88, No. 179 / Monday, September 18, 2023 / Proposed Rules  38For banking organizations that are not subject  to Category I or II capital standards, the current  capital rule does not have distinct treatments for significant and nonsignificant investments in the capital of unconsolidated financial institutions.",0.5371045470237732
"I am writing to express my concerns regarding the proposed increase in capital requirements for banks, and the harmful ","64140 Federal Register / Vol. 88, No. 179 / Monday, September 18, 2023 / Proposed Rules  400Under the proposal, a banking organization  that has elected to use the direct approach would select the relevant stress period using the full set  of modellable risk factors, while that using the indirect approach would use the reduced set of risk factors to select the stress period.",0.536565899848938
"circumstances; therefore, one has to wonder if there is a need to raise capital requirements on banks. ","64035 Federal Register / Vol. 88, No. 179 / Monday, September 18, 2023 / Proposed Rules  27Initially, the Board did not incorporate the  stress capital buffer requirement into the advanced  approaches capital conservation buffer requirement owing to the complexity involved in doing so.   28The Board’s Stress Testing Policy Statement  includes an assumption that the magnitude of a banking organization’s balance sheet will be fixed throughout the projection horizon under the supervisory stress test.",0.534896194934845
"After 2008, every year our federal regulators have inspected and tested whether our banks could withstand any possible ","64284 Federal Register / Vol. 88, No. 179 / Monday, September 18, 2023 / Proposed Rules  volatilities and correlations of market  risk factors on a historical basis; and  (iii) The distribution of modelled risk  factors must adequately account for the possible non-normality of the distribution of exposures.   (12) For purposes of the calculation of  the regulatory CVA, a [BANKING ORGANIZATION] must recognize netting in the same manner as used by the [BANKING ORGANIZATION] for financial reporting purposes.  ",0.5312198996543884
"I am writing to express my concerns regarding the proposed increase in capital requirements for banks, and the harmful ","64094 Federal Register / Vol. 88, No. 179 / Monday, September 18, 2023 / Proposed Rules   233As the standardized approach is less risk-  sensitive than the internal models approach, to the  extent that the capital requirement under the internal models approach exceeds that under the  standardized approach for model-eligible desks, the proposal would require this difference to be reflected in the aggregate capital requirement under  the models-based measure for market risk.  ",0.5310652852058411
"After 2008, every year our federal regulators have inspected and tested whether our banks could withstand any possible ","64035 Federal Register / Vol. 88, No. 179 / Monday, September 18, 2023 / Proposed Rules  27Initially, the Board did not incorporate the  stress capital buffer requirement into the advanced  approaches capital conservation buffer requirement owing to the complexity involved in doing so.   28The Board’s Stress Testing Policy Statement  includes an assumption that the magnitude of a banking organization’s balance sheet will be fixed throughout the projection horizon under the supervisory stress test.",0.5297001004219055
The proposed requirements will specifically have detrimental effects on credit availability and will disproportionately ,"64140 Federal Register / Vol. 88, No. 179 / Monday, September 18, 2023 / Proposed Rules  400Under the proposal, a banking organization  that has elected to use the direct approach would select the relevant stress period using the full set  of modellable risk factors, while that using the indirect approach would use the reduced set of risk factors to select the stress period.",0.5259749293327332
"circumstances; therefore, one has to wonder if there is a need to raise capital requirements on banks. ","64124 Federal Register / Vol. 88, No. 179 / Monday, September 18, 2023 / Proposed Rules  357The proposal would require a banking  organization to apply the highest risk weight that  is applicable under the investment limits of an equity position in an investment fund that may invest in primarily high-yield or distressed names under the fund’s mandate by first applying the highest risk weight that is applicable under the fund’s investment limits to defaulted instruments, followed by sub-speculative grade, then speculative grade, then investment grade securities. A banking organization may not recognize any offsetting or diversification benefit when calculating the average risk weight of the fund.",0.5258975625038147
The proposed requirements will specifically have detrimental effects on credit availability and will disproportionately ,"64061 Federal Register / Vol. 88, No. 179 / Monday, September 18, 2023 / Proposed Rules  117Systematic risk represents risks that are  impacted by broad market variables (such as  economy, region, and sector).",0.5258099436759949
"After 2008, every year our federal regulators have inspected and tested whether our banks could withstand any possible ","64140 Federal Register / Vol. 88, No. 179 / Monday, September 18, 2023 / Proposed Rules  400Under the proposal, a banking organization  that has elected to use the direct approach would select the relevant stress period using the full set  of modellable risk factors, while that using the indirect approach would use the reduced set of risk factors to select the stress period.",0.5221970081329346
"I am writing to express my concerns regarding the proposed increase in capital requirements for banks, and the harmful ","64240 Federal Register / Vol. 88, No. 179 / Monday, September 18, 2023 / Proposed Rules  applicable risk weight. If more than one  risk weight can be applied to a given exposure under the sensitivities-based capital requirement, the maximum risk weight applicable must be used; or  (2) A hypothetical portfolio based on  the most recent quarterly disclosure of the investment fund’s historical holdings of underlying positions.  ",0.5199828743934631
The proposed requirements will specifically have detrimental effects on credit availability and will disproportionately ,"64113 Federal Register / Vol. 88, No. 179 / Monday, September 18, 2023 / Proposed Rules  304The proposed risk factors are intended to be  sufficiently granular such that only long and short  exposures without basis risk would be able to fully offset for purposes of calculating the net sensitivity to a risk factor.",0.5166943073272705
"After 2008, every year our federal regulators have inspected and tested whether our banks could withstand any possible ","64148 Federal Register / Vol. 88, No. 179 / Monday, September 18, 2023 / Proposed Rules  422The agencies would expect a banking  organization to have sound internal capital  assessment processes which would include, but not be limited to, identification of capital adequacy goals with respect to risks, taking into account the strategic focus and business plan of the banking organization, risk identification, measurement, and documentation, as well as a process of internal controls, reviews and audits. the cash leg of the transaction could opt  into this treatment.",0.5161400437355042
"After 2008, every year our federal regulators have inspected and tested whether our banks could withstand any possible ","64188 Federal Register / Vol. 88, No. 179 / Monday, September 18, 2023 / Proposed Rules  unconditionally guaranteed by the FDIC  or the National Credit Union Administration.   (ii) A [BANKING ORGANIZATION]  must assign a 20 percent risk weight to the portion of an exposure that is conditionally guaranteed by the U.S. government, its central bank, or a U.S.  government agency.",0.5142145156860352
"After 2008, every year our federal regulators have inspected and tested whether our banks could withstand any possible ","64168 Federal Register / Vol. 88, No. 179 / Monday, September 18, 2023 / Proposed Rules  461For credit risk revisions, almost all banking  organizations subject to Category I or II capital  standards, as well as two banking organizations subject to Category III capital standards, report their estimated impacts. For market risk revisions, only the top trading firms report their estimated impacts.  ",0.512926459312439
The proposed requirements will specifically have detrimental effects on credit availability and will disproportionately ,"64078 Federal Register / Vol. 88, No. 179 / Monday, September 18, 2023 / Proposed Rules  162Consistent with the current capital rule, under  the proposal, an equity exposure to an investment  firm that is treated as a traditional securitization would be subject to due diligence requirements. If a banking organization is unable to demonstrate to the satisfaction of the primary Federal supervisor a comprehensive understanding of the features of an equity exposure that would materially affect the performance of the exposure, the proposal would require the banking organization to assign a risk weight of 1,250 percent to the equity exposure to the investment firm.  ",0.5128409266471863
"After 2008, every year our federal regulators have inspected and tested whether our banks could withstand any possible ","64074 Federal Register / Vol. 88, No. 179 / Monday, September 18, 2023 / Proposed Rules  147While the proposal would require banking  organizations that are not subject to the proposed  market risk capital framework to calculate risk- weighted assets for all publicly traded equity exposures under the proposed equity framework, such entities typically do not have material equity exposures.   148See §ll.202 for the proposed definition of  market risk covered position.",0.5125061273574829
"their operations. An increase in capital requirements will limit their access to crucial financing, consequently, reducing ","64036 Federal Register / Vol. 88, No. 179 / Monday, September 18, 2023 / Proposed Rules  29See 12 CFR 3.22(b) (OCC); 12 CFR 217.22(b)  (Board); 12 CFR 324.22(b) (FDIC). A banking  organization that made an opt-out election is currently required to adjust common equity tier 1 capital as follows: subtract any net unrealized holding gains and add any net unrealized holding losses on available-for-sale securities; subtract any accumulated net gains and add any accumulated net losses on cash flow hedges; subtract any amounts recorded in AOCI attributed to defined benefit postretirement plans resulting from the initial and subsequent application of the relevant GAAP standards that pertain to such plans (excluding, at the banking organization’s option, the portion relating to pension assets deducted under §ll.22(a)(5) of the current capital rule); and,  subtract any net unrealized holding gains and add any net unrealized holding losses on held-to- maturity securities that are included in AOCI.  ",0.5124589204788208
"Sent: Thursday, October 05, 2023 9:56 PM","64172 Federal Register / Vol. 88, No. 179 / Monday, September 18, 2023 / Proposed Rules   477See 78 FR 62018 (October 11, 2013).  ",0.5120701193809509
"I am writing to express my concerns regarding the proposed increase in capital requirements for banks, and the harmful ","64306 Federal Register / Vol. 88, No. 179 / Monday, September 18, 2023 / Proposed Rules  (b) Expanded total risk-weighted  assets. Beginning July 1, 2025, a  national bank or Federal savings  association subject to subpart E of this part must comply with the requirements of subpart B of this part using transition expanded total risk-weighted assets as calculated under this paragraph in place of expanded total risk-weighted assets.",0.5113751888275146
The proposed requirements will specifically have detrimental effects on credit availability and will disproportionately ,"64236 Federal Register / Vol. 88, No. 179 / Monday, September 18, 2023 / Proposed Rules  (i) The risk factor eligibility test,  including the description of the  mapping of real price observations to risk factors as described in §ll.214(b)(1) and (b)(3);  (ii) Data alignment of hypothetical  profit and loss and risk-theoretical profit and loss time series used in PLA testing as described in § ll.213(c)(1); and  (iii) The assignment of risk factors to  liquidity horizons as described in §ll.215(b)(11) and any empirical  correlations recognized with respect to  risk factor classes.  ",0.5111433863639832
The proposed requirements will specifically have detrimental effects on credit availability and will disproportionately ,"64210 Federal Register / Vol. 88, No. 179 / Monday, September 18, 2023 / Proposed Rules  (B) Relevant information regarding—  (1) The performance the underlying  credit exposure(s), for example, the  percentage of loans 30, 60, and 90 days past due; default rates; prepayment rates; loans in foreclosure; property types; occupancy; average credit score or other measures of creditworthiness; average LTV ratio; and industry and geographic diversification data on the underlying exposure(s); and  (2) For resecuritization exposures, in  addition to the information described in paragraph (c)(2)(i)(B)(1) of this section, performance information on the underlying securitization exposures, which may include the issuer name and credit quality, and the characteristics and performance of the exposures underlying the securitization exposures; and  (C) Relevant market data of the  securitization, for example, bid-ask spread, most recent sales price and historic price volatility, trading volume, implied market rating, and size, depth and concentration level of the market for the securitization; and  (ii) On an on-going basis (no less  frequently than quarterly), evaluating, reviewing, and updating as appropriate the analysis required under paragraph (c)(1) of this section for each securitization exposure.   §ll.131 Exposure amount of a  securitization exposure.  ",0.5109533667564392
"I am writing to express my concerns regarding the proposed increase in capital requirements for banks, and the harmful ","64177 Federal Register / Vol. 88, No. 179 / Monday, September 18, 2023 / Proposed Rules  internal models. Section  ll.212(b)(2)(i) of the market risk rule requires a banking organization that is subject to the market risk capital requirements to obtain the prior written approval of the primary Federal supervisor before using any internal model to calculate its risk-based capital requirements.  ",0.5100541710853577
"Sent: Thursday, October 05, 2023 9:56 PM","64337 Federal Register / Vol. 88, No. 179 / Monday, September 18, 2023 / Proposed Rules  purposes of this paragraph (f).  ",0.509958803653717
"their operations. An increase in capital requirements will limit their access to crucial financing, consequently, reducing ","64336 Federal Register / Vol. 88, No. 179 / Monday, September 18, 2023 / Proposed Rules  amount to be deducted under this  paragraph (c)(5) from a specific capital component is equal to:  (A) The FDIC-supervised institution’s  aggregate non-significant investments in the capital of an unconsolidated financial institution and, if applicable, any investments in a covered debt instrument subject to deduction under this paragraph (c)(5), exceeding the 10 percent threshold for non-significant investments, multiplied by  (B)",0.5092336535453796
"I am writing to express my concerns regarding the proposed increase in capital requirements for banks, and the harmful ","64112 Federal Register / Vol. 88, No. 179 / Monday, September 18, 2023 / Proposed Rules  301See sections III.H.6.c and III.H.6.d of this  SUPPLEMENTARY INFORMATION for a more detailed  discussion on the fallback capital requirement and  the capital add-on requirement for re-designations, respectively. 302Under the proposal, a banking organization  would have to separately calculate the potential  losses arising from the position’s sensitivity to  changes in interest rates and changes in the issuer’s credit spread.  ",0.5073704123497009
"I am writing to express my concerns regarding the proposed increase in capital requirements for banks, and the harmful ","64109 Federal Register / Vol. 88, No. 179 / Monday, September 18, 2023 / Proposed Rules  290Notably, for securitization positions subject to  subpart F, the current capital rule provides a  standardized measurement method for capturing specific risks and a models-based measure capturing general risks for calculating market risk- weighted assets. 291A risk factor sensitivity is the change in value  of an instrument given a small movement in a risk factor that affects the instrument’s value.  ",0.5071483850479126
"I am writing to express my concerns regarding the proposed increase in capital requirements for banks, and the harmful ","64073 Federal Register / Vol. 88, No. 179 / Monday, September 18, 2023 / Proposed Rules  144If the banking organization is an originating  banking organization with respect to the NPL  securitization, the banking organization may maintain risk-based capital against the transferred exposures as if they had not been securitized and must deduct from common equity tier 1 capital any after-tax gain-on-sale resulting from the transaction and any portion of a CEIO strip that does not constitute an after-tax gain-on-sale.  ",0.5065721869468689
"I am writing to express my concerns regarding the proposed increase in capital requirements for banks, and the harmful ","64273 Federal Register / Vol. 88, No. 179 / Monday, September 18, 2023 / Proposed Rules  (5) Stress period. A [BANKING  ORGANIZATION] must identify a 12-  month period of stress over the  observation horizon in which the [BANKING ORGANIZATION]’s market risk covered positions on model-eligible trading desks would experience the largest loss, provided that:  (i) To identify the period of stress, a  [BANKING ORGANIZATION] must use either the full set of risk factors or a reduced set of risk factors;  (ii) Any [BANKING ORGANIZATION]  using a reduced set of risk factors to identify the period of stress must:  (A) Specify a reduced set of risk  factors for which there is a sufficiently long history of observations;  (B) Update the reduced set of risk  factors whenever the [BANKING ORGANIZATION] updates its 12-month  period of stress; and  (C) Ensure that the variation of the  full ES-based measure explained by the ES-based measure for the reduced set of risk factors over the previous 60 business days is at least 75 percent, where the variation explained equals  where,  (1) ESF,Cis the liquidity horizon-  adjusted ES-based measure based on the  most recent 12-month observation period (the current ES-based measure) using the full set of risk factors;  (2) ES R,Cis the lesser of (i) the current  liquidity horizon-adjusted ES-based measure using the reduced set of factors or (ii) ES F,C; and  (3) Mean(ES F,C) is the mean of ES F,C  over the previous 60 business days.  ",0.5059716105461121
"I am writing to express my concerns regarding the proposed increase in capital requirements for banks, and the harmful ","64336 Federal Register / Vol. 88, No. 179 / Monday, September 18, 2023 / Proposed Rules  amount to be deducted under this  paragraph (c)(5) from a specific capital component is equal to:  (A) The FDIC-supervised institution’s  aggregate non-significant investments in the capital of an unconsolidated financial institution and, if applicable, any investments in a covered debt instrument subject to deduction under this paragraph (c)(5), exceeding the 10 percent threshold for non-significant investments, multiplied by  (B)",0.5043202638626099
The proposed requirements will specifically have detrimental effects on credit availability and will disproportionately ,"64135 Federal Register / Vol. 88, No. 179 / Monday, September 18, 2023 / Proposed Rules  390As discussed in section III.H.8.a.ii. I of this  SUPPLEMENTARY INFORMATION , a banking  organization may elect to either use (1) the full set  of risk factors employed by its internal risk management models and directly calculate the daily expected shortfall measure under the selected twelve-month period of stress or (2) an appropriate subset of modellable risk factors to estimate the potential losses that would be incurred throughout the selected stress period, which would require the banking organization to estimate a daily expected shortfall measure for both the current and stress period.  ",0.5043026208877563
The proposed requirements will specifically have detrimental effects on credit availability and will disproportionately ,"64168 Federal Register / Vol. 88, No. 179 / Monday, September 18, 2023 / Proposed Rules  461For credit risk revisions, almost all banking  organizations subject to Category I or II capital  standards, as well as two banking organizations subject to Category III capital standards, report their estimated impacts. For market risk revisions, only the top trading firms report their estimated impacts.  ",0.5042625665664673
"their operations. An increase in capital requirements will limit their access to crucial financing, consequently, reducing ","64335 Federal Register / Vol. 88, No. 179 / Monday, September 18, 2023 / Proposed Rules  institution that relate to the subsidiary  multiplied by  (2) The total capital ratio the  subsidiary must maintain to avoid restrictions on distributions and discretionary bonus payments under § 324.11 or equivalent standards established by the subsidiary’s home country supervisor.  ",0.5041502714157104
"Sent: Thursday, October 05, 2023 9:56 PM","64300 Federal Register / Vol. 88, No. 179 / Monday, September 18, 2023 / Proposed Rules  (d) *",0.5023899078369141
The proposed requirements will specifically have detrimental effects on credit availability and will disproportionately ,"64184 Federal Register / Vol. 88, No. 179 / Monday, September 18, 2023 / Proposed Rules  exposed to credit risk. The following  exposures are not credit obligations: derivative contracts, cleared transactions, default fund contributions, repo-style transactions, eligible margin loans, equity exposures, or securitization exposures.  ",0.5015179514884949
The proposed requirements will specifically have detrimental effects on credit availability and will disproportionately ,"64074 Federal Register / Vol. 88, No. 179 / Monday, September 18, 2023 / Proposed Rules  147While the proposal would require banking  organizations that are not subject to the proposed  market risk capital framework to calculate risk- weighted assets for all publicly traded equity exposures under the proposed equity framework, such entities typically do not have material equity exposures.   148See §ll.202 for the proposed definition of  market risk covered position.",0.5015099048614502
"I am writing to express my concerns regarding the proposed increase in capital requirements for banks, and the harmful ","64171 Federal Register / Vol. 88, No. 179 / Monday, September 18, 2023 / Proposed Rules  dealers. For evidence that bank dealers commit less  capital to market-making activities, see Bessembinder, H., S. Jacobsen, W. Maxwell, and K. Venkataraman, 2018, ‘‘Capital Commitment and Illiquidity in Corporate Bonds,’’ Journal of Finance 73(4): 1615–1661, although this paper confirms that postcrisis transaction costs have not increased materially.",0.5011583566665649
"I am writing to express my concerns regarding the proposed increase in capital requirements for banks, and the harmful ","64075 Federal Register / Vol. 88, No. 179 / Monday, September 18, 2023 / Proposed Rules  151Consistent with the current capital rule, the  proposal would allow a banking organization to  choose not to hold risk-based capital against the counterparty credit risk of equity derivative contracts, as long as it does so for all such contracts. Where the equity derivative contracts are subject to a qualified master netting agreement, the proposal would require the banking organization to either include all or exclude all of the contracts from any measure used to determine counterparty credit risk exposure.",0.5009101629257202
