"Subject: [EXTERNAL MESSAGE] September 1, 2023 - R egulatory Capital Rule: Large Banking ","64037 Federal Register / Vol. 88, No. 179 / Monday, September 18, 2023 / Proposed Rules  38For banking organizations that are not subject  to Category I or II capital standards, the current  capital rule does not have distinct treatments for significant and nonsignificant investments in the capital of unconsolidated financial institutions.",0.6973537802696228
Large Banking organizations ,"64030 Federal Register / Vol. 88, No. 179 / Monday, September 18, 2023 / Proposed Rules  1The term ‘‘banking organizations’’ includes  national banks, state member banks, state  nonmember banks, Federal savings associations, state savings associations, top-tier bank holding companies domiciled in the United States not subject to the Board’s Small Bank Holding Company and Savings and Loan Holding Company  Policy Statement (12 CFR part 225, appendix C), U.S. intermediate holding companies of foreign banking organizations, and top-tier savings and loan holding companies domiciled in the United States, except for certain savings and loan holding companies that are substantially engaged in insurance underwriting or commercial activities and savings and loan holding companies that are subject to the Small Bank Holding Company and Savings and Loan Holding Company Policy Statement.  ",0.672683596611023
"Subject: [EXTERNAL MESSAGE] September 1, 2023 - R egulatory Capital Rule: Large Banking ","64148 Federal Register / Vol. 88, No. 179 / Monday, September 18, 2023 / Proposed Rules  422The agencies would expect a banking  organization to have sound internal capital  assessment processes which would include, but not be limited to, identification of capital adequacy goals with respect to risks, taking into account the strategic focus and business plan of the banking organization, risk identification, measurement, and documentation, as well as a process of internal controls, reviews and audits. the cash leg of the transaction could opt  into this treatment.",0.6584537029266357
"Subject: [EXTERNAL MESSAGE] September 1, 2023 - R egulatory Capital Rule: Large Banking ","64110 Federal Register / Vol. 88, No. 179 / Monday, September 18, 2023 / Proposed Rules  293See section III.H.6.d of this SUPPLEMENTARY   INFORMATION for a more detailed discussion of the  capital add-on for re-designations. 294Separate capital calculations could  unnecessarily increase capital requirement because  they ignore the offsetting benefits between market risk covered positions held by trading desks subject to the internal models approach and those held by trading desks subject to the standardized approach.",0.6523951292037964
"Subject: [EXTERNAL MESSAGE] September 1, 2023 - R egulatory Capital Rule: Large Banking ","64096 Federal Register / Vol. 88, No. 179 / Monday, September 18, 2023 / Proposed Rules  240The current capital rule defines a trading  position as one that is held by a banking  organization for the purpose of short-term resale or with the intent of benefiting from actual or expected short-term price movements or to lock-in arbitrage profits.",0.6430454254150391
"Subject: [EXTERNAL MESSAGE] September 1, 2023 - R egulatory Capital Rule: Large Banking ","64073 Federal Register / Vol. 88, No. 179 / Monday, September 18, 2023 / Proposed Rules  144If the banking organization is an originating  banking organization with respect to the NPL  securitization, the banking organization may maintain risk-based capital against the transferred exposures as if they had not been securitized and must deduct from common equity tier 1 capital any after-tax gain-on-sale resulting from the transaction and any portion of a CEIO strip that does not constitute an after-tax gain-on-sale.  ",0.6417752504348755
"Subject: [EXTERNAL MESSAGE] September 1, 2023 - R egulatory Capital Rule: Large Banking ","64302 Federal Register / Vol. 88, No. 179 / Monday, September 18, 2023 / Proposed Rules  significant investments in the capital of  an unconsolidated financial institution and, if applicable, any investments in a covered debt instrument subject to deduction under this paragraph (c)(5), exceeding the 10 percent threshold for non-significant investments, multiplied by  (B) The ratio of the national bank’s or  Federal savings association’s aggregate non-significant investments in the capital of an unconsolidated financial institution (in the form of such capital component) to the national bank’s or Federal savings association’s total non- significant investments in unconsolidated financial institutions, with an investment in a covered debt instrument being treated as tier 2 capital for this purpose.  ",0.637714684009552
"Subject: [EXTERNAL MESSAGE] September 1, 2023 - R egulatory Capital Rule: Large Banking ","64205 Federal Register / Vol. 88, No. 179 / Monday, September 18, 2023 / Proposed Rules  purposes of the collateral haircut  approach, except as provided in paragraph (c)(2)(ii) of this section, a [BANKING ORGANIZATION] must determine the exposure amount for a netting set of eligible margin loans or repo-style transactions according to the  following formula:  Where:  (A) E* is the exposure amount of the netting  set after credit risk mitigation;  (B) Eiis the current fair value of the  instrument, cash, or gold the [BANKING  ORGANIZATION] has lent, sold subject to repurchase, or posted as collateral to the counterparty;  (C) C iis the current fair value of the  instrument, cash, or gold the banking organization has borrowed, purchased subject to resale, or taken as collateral from the counterparty;  (D) net exposure = |SsEsHs||;  (E) gross exposure = SsEs|Hs|;  (F) Esis the absolute value of the net position  in a given instrument or in gold, where the net position in a given instrument or gold equals the sum of the current fair values of the instrument or gold the [BANKING ORGANIZATION] has lent,  sold subject to repurchase, or posted as collateral to the counterparty, minus the sum of the current fair values of that same instrument or gold the [BANKING ORGANIZATION] has borrowed, purchased subject to resale, or taken as collateral from the counterparty;  (G) H sis the haircut appropriate to E sas  described in Table 1 of this section, as applicable.",0.6216539740562439
"Subject: [EXTERNAL MESSAGE] September 1, 2023 - R egulatory Capital Rule: Large Banking ","64336 Federal Register / Vol. 88, No. 179 / Monday, September 18, 2023 / Proposed Rules  amount to be deducted under this  paragraph (c)(5) from a specific capital component is equal to:  (A) The FDIC-supervised institution’s  aggregate non-significant investments in the capital of an unconsolidated financial institution and, if applicable, any investments in a covered debt instrument subject to deduction under this paragraph (c)(5), exceeding the 10 percent threshold for non-significant investments, multiplied by  (B)",0.6129514575004578
"Subject: [EXTERNAL MESSAGE] September 1, 2023 - R egulatory Capital Rule: Large Banking ","64314 Federal Register / Vol. 88, No. 179 / Monday, September 18, 2023 / Proposed Rules  (B) The amount of funds in deposit  accounts at the custodial banking  organization that are linked to fiduciary or custodial and safekeeping accounts at the custodial banking organization.",0.6114429831504822
"Subject: [EXTERNAL MESSAGE] September 1, 2023 - R egulatory Capital Rule: Large Banking ","64168 Federal Register / Vol. 88, No. 179 / Monday, September 18, 2023 / Proposed Rules  461For credit risk revisions, almost all banking  organizations subject to Category I or II capital  standards, as well as two banking organizations subject to Category III capital standards, report their estimated impacts. For market risk revisions, only the top trading firms report their estimated impacts.  ",0.6085505485534668
"Subject: [EXTERNAL MESSAGE] September 1, 2023 - R egulatory Capital Rule: Large Banking ","64185 Federal Register / Vol. 88, No. 179 / Monday, September 18, 2023 / Proposed Rules  of the depository institution, foreign  bank, or credit union, and;  (ii) If applicable, the capital ratio  requirements for the well capitalized capital category under the regulations of the appropriate Federal banking agency implementing 12 U.S.C. 1831o or under similar regulations of the National Credit Union Administration.   (2) Notwithstanding paragraph (1) of  this definition, an exposure is not a Grade A bank exposure if:  (i) The capital ratios for the  depository institution, foreign bank, or credit union have not been publicly disclosed within the previous 6 months;  (ii) The external auditor of the  depository institution, foreign bank, or credit union has issued an adverse audit opinion or has expressed substantial doubt about the ability of the depository institution, foreign bank, or credit union to continue as a going concern within the previous 12 months; or  (iii) For a foreign bank, the capital  standards imposed by the home country supervisor on the foreign bank are not consistent with the Capital Accord of the Basel Committee on Banking Supervision.  ",0.6064430475234985
Large Banking organizations ,"64083 Federal Register / Vol. 88, No. 179 / Monday, September 18, 2023 / Proposed Rules  178Recent research connecting operational risk to  higher business volume includes Frame, McLemore,  and Mihov (2020), Haste Makes Waste: Banking Organization Growth and Operational Risk, Federal Reserve Bank of Dallas, https://www.dallasfed.org/ research/papers/2020/wp2023; Curti, Frame, and  Mihov (2019), Are the Largest Banking Organizations Operationally More Risky?, Journal of Money, Credit and Banking Vol. 54, Issue 5, 1223– 1259, https://doi.org/10.1111/jmcb.12933; and  Abdymomunov and Curti (2020),",0.6055354475975037
"Subject: [EXTERNAL MESSAGE] September 1, 2023 - R egulatory Capital Rule: Large Banking ","64146 Federal Register / Vol. 88, No. 179 / Monday, September 18, 2023 / Proposed Rules  414As described in more detail in section III.H.6.c  of this SUPPLEMENTARY INFORMATION , the fallback  capital requirement would apply in instances where  a banking organization is unable to apply the  internal models approach and the standardized approach to calculate market risk capital requirements.",0.6018112301826477
"Subject: [EXTERNAL MESSAGE] September 1, 2023 - R egulatory Capital Rule: Large Banking ","64294 Federal Register / Vol. 88, No. 179 / Monday, September 18, 2023 / Proposed Rules  jurisdictional liabilities, calculated in  accordance with the instructions to the FR Y–15 or equivalent reporting form.   (3) After meeting the criteria in  paragraph (2) of this definition, a national bank or Federal savings association continues to be a Category II national bank or Federal savings association until the national bank or Federal savings association has:  (i) Less than $700 billion in total  consolidated assets, as reported on the  Call Report, for each of the four most recent calendar quarters; and  (ii)(A) Less than $75 billion in cross-  jurisdictional activity for each of the four most recent calendar quarters.",0.6003979444503784
"Subject: [EXTERNAL MESSAGE] September 1, 2023 - R egulatory Capital Rule: Large Banking ","64177 Federal Register / Vol. 88, No. 179 / Monday, September 18, 2023 / Proposed Rules  internal models. Section  ll.212(b)(2)(i) of the market risk rule requires a banking organization that is subject to the market risk capital requirements to obtain the prior written approval of the primary Federal supervisor before using any internal model to calculate its risk-based capital requirements.  ",0.5990760922431946
"Subject: [EXTERNAL MESSAGE] September 1, 2023 - R egulatory Capital Rule: Large Banking ","64031 Federal Register / Vol. 88, No. 179 / Monday, September 18, 2023 / Proposed Rules  10Banking organizations’ risk-based capital ratios  are the common equity tier 1 capital ratio, tier 1  capital ratio, and total capital ratio.",0.5971227884292603
"Subject: [EXTERNAL MESSAGE] September 1, 2023 - R egulatory Capital Rule: Large Banking ","64066 Federal Register / Vol. 88, No. 179 / Monday, September 18, 2023 / Proposed Rules  125For a given security or cash, a banking  organization may collect the security or cash in one  transaction and post it in another. Thus, at the portfolio level, the banking organization may, after netting across all transactions in the same portfolio, be either collecting the security or cash (that is, net borrowed) or posting the security or cash (that is,  net lent).",0.5946072340011597
"Subject: [EXTERNAL MESSAGE] September 1, 2023 - R egulatory Capital Rule: Large Banking ","64040 Federal Register / Vol. 88, No. 179 / Monday, September 18, 2023 / Proposed Rules  56Overdrafts are past due and are considered  defaulted exposures once the obligor has breached  an advised limit or been advised of a limit smaller than the current outstanding balance. 57Under § ll.2 of the current capital rule,  investment grade means that the entity to which the  banking organization is exposed through a loan or  security, or the reference entity with respect to a credit derivative, has adequate capacity to meet financial commitments for the projected life of the asset or exposure.",0.5921217203140259
Organizations and Banking Organizations wi th Significant Trading Activity; Comment ,"64030 Federal Register / Vol. 88, No. 179 / Monday, September 18, 2023 / Proposed Rules  1The term ‘‘banking organizations’’ includes  national banks, state member banks, state  nonmember banks, Federal savings associations, state savings associations, top-tier bank holding companies domiciled in the United States not subject to the Board’s Small Bank Holding Company and Savings and Loan Holding Company  Policy Statement (12 CFR part 225, appendix C), U.S. intermediate holding companies of foreign banking organizations, and top-tier savings and loan holding companies domiciled in the United States, except for certain savings and loan holding companies that are substantially engaged in insurance underwriting or commercial activities and savings and loan holding companies that are subject to the Small Bank Holding Company and Savings and Loan Holding Company Policy Statement.  ",0.5900301933288574
"Subject: [EXTERNAL MESSAGE] September 1, 2023 - R egulatory Capital Rule: Large Banking ","64083 Federal Register / Vol. 88, No. 179 / Monday, September 18, 2023 / Proposed Rules  178Recent research connecting operational risk to  higher business volume includes Frame, McLemore,  and Mihov (2020), Haste Makes Waste: Banking Organization Growth and Operational Risk, Federal Reserve Bank of Dallas, https://www.dallasfed.org/ research/papers/2020/wp2023; Curti, Frame, and  Mihov (2019), Are the Largest Banking Organizations Operationally More Risky?, Journal of Money, Credit and Banking Vol. 54, Issue 5, 1223– 1259, https://doi.org/10.1111/jmcb.12933; and  Abdymomunov and Curti (2020),",0.5856037735939026
"Subject: [EXTERNAL MESSAGE] September 1, 2023 - R egulatory Capital Rule: Large Banking ","64063 Federal Register / Vol. 88, No. 179 / Monday, September 18, 2023 / Proposed Rules  120See Basel Committee, ‘‘Strengthening the  resilience of the banking sector—consultative  document,’’ December 2009; https://www.bis.org/ publ/bcbs164.pdf. 121If the mutual fund qualifies for the full look-  through approach described in section III.E.1.c.ii of this  SUPPLEMENTARY INFORMATION but would be  treated as a market risk covered position as described in section III.H.3 of this  SUPPLEMENTARY   INFORMATION if the banking organization held the  mutual fund directly, the banking organization is permitted to apply the alternative method to calculate the haircut.",0.5825956463813782
"Subject: [EXTERNAL MESSAGE] September 1, 2023 - R egulatory Capital Rule: Large Banking ","64275 Federal Register / Vol. 88, No. 179 / Monday, September 18, 2023 / Proposed Rules  the aggregate liquidity horizon-adjusted  ES-based measure. With prior written approval of [AGENCY], a [BANKING ORGANIZATION] also may include non-modellable risk factors in its internal models used to calculate the aggregate liquidity horizon-adjusted ES- based measure.  ",0.5799871683120728
"Subject: [EXTERNAL MESSAGE] September 1, 2023 - R egulatory Capital Rule: Large Banking ","64297 Federal Register / Vol. 88, No. 179 / Monday, September 18, 2023 / Proposed Rules  association subject to subpart E of this  part is the ratio of its tier 1 capital to total leverage exposure.",0.5775747299194336
"Subject: [EXTERNAL MESSAGE] September 1, 2023 - R egulatory Capital Rule: Large Banking ","64203 Federal Register / Vol. 88, No. 179 / Monday, September 18, 2023 / Proposed Rules  after counterparty delivery was due, the  [BANKING ORGANIZATION] must assign a 1,250 percent risk weight to the current fair value of the deliverables owed to the [BANKING ORGANIZATION].   (f) Total risk-weighted assets for  unsettled transactions.",0.5773501396179199
"Subject: [EXTERNAL MESSAGE] September 1, 2023 - R egulatory Capital Rule: Large Banking ","64091 Federal Register / Vol. 88, No. 179 / Monday, September 18, 2023 / Proposed Rules  212See section III.C.5 of this SUPPLEMENTARY   INFORMATION for a more detailed discussion on the  types of credit risk mitigants that a banking  organization would be allowed to recognize for  purposes of calculating risk-based capital requirements.  ",0.5751762986183167
"Subject: [EXTERNAL MESSAGE] September 1, 2023 - R egulatory Capital Rule: Large Banking ","64209 Federal Register / Vol. 88, No. 179 / Monday, September 18, 2023 / Proposed Rules  (B) CBequals the fair value of the net position  in a given security the [BANKING  ORGANIZATION] has borrowed, purchased subject to resale, or taken as collateral from the unregulated financial institution; and  (C) f Land fBare the respective haircut floors  given in Table 2 to this section for each security net lent (L) and net borrowed (B) by the [BANKING ORGANIZATION].   Risk-Weighted Assets for Securitization Exposures  §ll.130 Operational criteria for  recognizing the transfer of risk.  ",0.573034942150116
"Subject: [EXTERNAL MESSAGE] September 1, 2023 - R egulatory Capital Rule: Large Banking ","64112 Federal Register / Vol. 88, No. 179 / Monday, September 18, 2023 / Proposed Rules  301See sections III.H.6.c and III.H.6.d of this  SUPPLEMENTARY INFORMATION for a more detailed  discussion on the fallback capital requirement and  the capital add-on requirement for re-designations, respectively. 302Under the proposal, a banking organization  would have to separately calculate the potential  losses arising from the position’s sensitivity to  changes in interest rates and changes in the issuer’s credit spread.  ",0.5721426606178284
"Subject: [EXTERNAL MESSAGE] September 1, 2023 - R egulatory Capital Rule: Large Banking ","64036 Federal Register / Vol. 88, No. 179 / Monday, September 18, 2023 / Proposed Rules  29See 12 CFR 3.22(b) (OCC); 12 CFR 217.22(b)  (Board); 12 CFR 324.22(b) (FDIC). A banking  organization that made an opt-out election is currently required to adjust common equity tier 1 capital as follows: subtract any net unrealized holding gains and add any net unrealized holding losses on available-for-sale securities; subtract any accumulated net gains and add any accumulated net losses on cash flow hedges; subtract any amounts recorded in AOCI attributed to defined benefit postretirement plans resulting from the initial and subsequent application of the relevant GAAP standards that pertain to such plans (excluding, at the banking organization’s option, the portion relating to pension assets deducted under §ll.22(a)(5) of the current capital rule); and,  subtract any net unrealized holding gains and add any net unrealized holding losses on held-to- maturity securities that are included in AOCI.  ",0.5713593363761902
"Subject: [EXTERNAL MESSAGE] September 1, 2023 - R egulatory Capital Rule: Large Banking ","64078 Federal Register / Vol. 88, No. 179 / Monday, September 18, 2023 / Proposed Rules  162Consistent with the current capital rule, under  the proposal, an equity exposure to an investment  firm that is treated as a traditional securitization would be subject to due diligence requirements. If a banking organization is unable to demonstrate to the satisfaction of the primary Federal supervisor a comprehensive understanding of the features of an equity exposure that would materially affect the performance of the exposure, the proposal would require the banking organization to assign a risk weight of 1,250 percent to the equity exposure to the investment firm.  ",0.5689491033554077
"Subject: [EXTERNAL MESSAGE] September 1, 2023 - R egulatory Capital Rule: Large Banking ","64169 Federal Register / Vol. 88, No. 179 / Monday, September 18, 2023 / Proposed Rules  464Further breakdown by category shows that the  proposal would increase binding common equity  tier 1 capital requirements by an estimated 19 percent for holding companies subject to Category I or II capital standards, by an estimated 6 percent for Category III and IV domestic holding companies, and by an estimated 14 percent for Category III and IV intermediate holding companies of foreign banking organizations. The impact assessment focuses on common equity tier 1 capital because it is the highest quality of regulatory capital and its minimum regulatory requirements are risk-based.  ",0.5685277581214905
"Subject: [EXTERNAL MESSAGE] September 1, 2023 - R egulatory Capital Rule: Large Banking ","64333 Federal Register / Vol. 88, No. 179 / Monday, September 18, 2023 / Proposed Rules  collateral to the counterparty, and C iis  the fair value of the instruments, gold,  or cash that the FDIC-supervised institution has borrowed, purchased subject to resale, or received as  collateral from the counterparty:  E i* = max {0, [E i¥C i]}; and  (B)",0.567672848701477
Organizations and Banking Organizations wi th Significant Trading Activity; Comment ,"64083 Federal Register / Vol. 88, No. 179 / Monday, September 18, 2023 / Proposed Rules  178Recent research connecting operational risk to  higher business volume includes Frame, McLemore,  and Mihov (2020), Haste Makes Waste: Banking Organization Growth and Operational Risk, Federal Reserve Bank of Dallas, https://www.dallasfed.org/ research/papers/2020/wp2023; Curti, Frame, and  Mihov (2019), Are the Largest Banking Organizations Operationally More Risky?, Journal of Money, Credit and Banking Vol. 54, Issue 5, 1223– 1259, https://doi.org/10.1111/jmcb.12933; and  Abdymomunov and Curti (2020),",0.566188395023346
"Subject: [EXTERNAL MESSAGE] September 1, 2023 - R egulatory Capital Rule: Large Banking ","64327 Federal Register / Vol. 88, No. 179 / Monday, September 18, 2023 / Proposed Rules  Subpart N—Enhanced Prudential  Standards for Foreign Banking Organizations With Total Consolidated Assets of $100 Billion or More and Combined U.S. Assets of Less Than $100 Billion  ■77. In § 252.147, revise paragraph  (e)(1)(i) to read as follows:  § 252.147 U.S. intermediate holding  company requirement for foreign banking organizations with combined U.S. assets of less than $100 billion and U.S. non-branch assets of $50 billion or more.  ",0.5661435723304749
"Subject: [EXTERNAL MESSAGE] September 1, 2023 - R egulatory Capital Rule: Large Banking ","64331 Federal Register / Vol. 88, No. 179 / Monday, September 18, 2023 / Proposed Rules  would meet the definition of ‘‘Financial  institution’’ under this section but for the ownership interest thresholds set forth in paragraph (4)(i) of that definition.  ",0.5656226873397827
"Subject: [EXTERNAL MESSAGE] September 1, 2023 - R egulatory Capital Rule: Large Banking ","64325 Federal Register / Vol. 88, No. 179 / Monday, September 18, 2023 / Proposed Rules  BILLING CODE 6210–01–C; 6714–01–C; 4810–33–C  PART 225—BANK HOLDING  COMPANIES AND CHANGE IN BANK CONTROL (REGULATION Y)  ■62. The authority citation for part 225  continues to read as follows:  Authority: 12 U.S.C. 1817(j)(13), 1818,  1828(o), 1831i, 1831p–1, 1843(c)(8), 1844(b),  1972(1), 3106, 3108, 3310, 3331–3351, 3906, 3907, and 3909; 15 U.S.C. 1681s, 1681w, 6801, and 6805.  ",0.5651487112045288
Large Banking organizations ,"64066 Federal Register / Vol. 88, No. 179 / Monday, September 18, 2023 / Proposed Rules  125For a given security or cash, a banking  organization may collect the security or cash in one  transaction and post it in another. Thus, at the portfolio level, the banking organization may, after netting across all transactions in the same portfolio, be either collecting the security or cash (that is, net borrowed) or posting the security or cash (that is,  net lent).",0.5642865896224976
"Subject: [EXTERNAL MESSAGE] September 1, 2023 - R egulatory Capital Rule: Large Banking ","64171 Federal Register / Vol. 88, No. 179 / Monday, September 18, 2023 / Proposed Rules  dealers. For evidence that bank dealers commit less  capital to market-making activities, see Bessembinder, H., S. Jacobsen, W. Maxwell, and K. Venkataraman, 2018, ‘‘Capital Commitment and Illiquidity in Corporate Bonds,’’ Journal of Finance 73(4): 1615–1661, although this paper confirms that postcrisis transaction costs have not increased materially.",0.5633305311203003
"Subject: [EXTERNAL MESSAGE] September 1, 2023 - R egulatory Capital Rule: Large Banking ","64188 Federal Register / Vol. 88, No. 179 / Monday, September 18, 2023 / Proposed Rules  unconditionally guaranteed by the FDIC  or the National Credit Union Administration.   (ii) A [BANKING ORGANIZATION]  must assign a 20 percent risk weight to the portion of an exposure that is conditionally guaranteed by the U.S. government, its central bank, or a U.S.  government agency.",0.5626445412635803
"Subject: [EXTERNAL MESSAGE] September 1, 2023 - R egulatory Capital Rule: Large Banking ","64320 Federal Register / Vol. 88, No. 179 / Monday, September 18, 2023 / Proposed Rules  (ii) A Board-regulated institution  subject to subpart E of this part must  deduct from common equity tier 1 capital elements the items listed in paragraph (d)(2)(i) of this section that are not deducted as a result of the application of the 10 percent common equity tier 1 capital deduction threshold, and that, in aggregate, exceed 17.65 percent of the sum of the Board- regulated institution’s common equity tier 1 capital elements, minus adjustments to and deductions from common equity tier 1 capital required under paragraphs (a) through (c) of this section, minus the items listed in paragraph (d)(2)(i) of this section (the 15 percent common equity tier 1 capital deduction threshold). Any goodwill that has been deducted under paragraph (a)(1) of this section can be excluded from the significant investments in the capital of unconsolidated financial institutions in the form of common stock. ",0.5616641044616699
"Subject: [EXTERNAL MESSAGE] September 1, 2023 - R egulatory Capital Rule: Large Banking ","64216 Federal Register / Vol. 88, No. 179 / Monday, September 18, 2023 / Proposed Rules  (2) If the [BANKING  ORGANIZATION]’s Business Indicator  is greater than $1 billion and less than or equal to $30 billion, Business Indicator Component = $120 million +  0.15 × (Business Indicator¥$1 billion).   (3) If the [BANKING  ORGANIZATION]’s Business Indicator is greater than $30 billion, Business Indicator Component = $4.47 billion +  0.18 × (Business Indicator¥$30 billion).  ",0.5605756640434265
"Subject: [EXTERNAL MESSAGE] September 1, 2023 - R egulatory Capital Rule: Large Banking ","64074 Federal Register / Vol. 88, No. 179 / Monday, September 18, 2023 / Proposed Rules  147While the proposal would require banking  organizations that are not subject to the proposed  market risk capital framework to calculate risk- weighted assets for all publicly traded equity exposures under the proposed equity framework, such entities typically do not have material equity exposures.   148See §ll.202 for the proposed definition of  market risk covered position.",0.5590481758117676
"Subject: [EXTERNAL MESSAGE] September 1, 2023 - R egulatory Capital Rule: Large Banking ","64043 Federal Register / Vol. 88, No. 179 / Monday, September 18, 2023 / Proposed Rules  71Covered debt instruments are subject to  deduction by banking organizations subject to  Category I or II capital standards similar to the deduction framework for exposures to capital instruments. See 12 CFR 3.22(c) (OCC); 12 CFR  217.22(c) (Board); 12 CFR 324.22(c) (FDIC).",0.558699369430542
"Subject: [EXTERNAL MESSAGE] September 1, 2023 - R egulatory Capital Rule: Large Banking ","64326 Federal Register / Vol. 88, No. 179 / Monday, September 18, 2023 / Proposed Rules  the covered savings and loan holding  company by regulation or order, including, as applicable, any regulatory capital ratios calculated under 12 CFR part 217 and the deductions required under 12 CFR 248.12.   * *",0.5583555102348328
Large Banking organizations ,"64148 Federal Register / Vol. 88, No. 179 / Monday, September 18, 2023 / Proposed Rules  422The agencies would expect a banking  organization to have sound internal capital  assessment processes which would include, but not be limited to, identification of capital adequacy goals with respect to risks, taking into account the strategic focus and business plan of the banking organization, risk identification, measurement, and documentation, as well as a process of internal controls, reviews and audits. the cash leg of the transaction could opt  into this treatment.",0.5576971173286438
"Subject: [EXTERNAL MESSAGE] September 1, 2023 - R egulatory Capital Rule: Large Banking ","64030 Federal Register / Vol. 88, No. 179 / Monday, September 18, 2023 / Proposed Rules  1The term ‘‘banking organizations’’ includes  national banks, state member banks, state  nonmember banks, Federal savings associations, state savings associations, top-tier bank holding companies domiciled in the United States not subject to the Board’s Small Bank Holding Company and Savings and Loan Holding Company  Policy Statement (12 CFR part 225, appendix C), U.S. intermediate holding companies of foreign banking organizations, and top-tier savings and loan holding companies domiciled in the United States, except for certain savings and loan holding companies that are substantially engaged in insurance underwriting or commercial activities and savings and loan holding companies that are subject to the Small Bank Holding Company and Savings and Loan Holding Company Policy Statement.  ",0.5550792813301086
"Subject: [EXTERNAL MESSAGE] September 1, 2023 - R egulatory Capital Rule: Large Banking ","64192 Federal Register / Vol. 88, No. 179 / Monday, September 18, 2023 / Proposed Rules  borrower that does not have a source of  repayment in the foreign currency equal to at least 90 percent of the annual payment amount from either income generated through ordinary business activities or from a contract with a financial institution that provides funds denominated in the foreign currency.   (h) Corporate exposures.",0.5528894662857056
Organizations and Banking Organizations wi th Significant Trading Activity; Comment ,"64066 Federal Register / Vol. 88, No. 179 / Monday, September 18, 2023 / Proposed Rules  125For a given security or cash, a banking  organization may collect the security or cash in one  transaction and post it in another. Thus, at the portfolio level, the banking organization may, after netting across all transactions in the same portfolio, be either collecting the security or cash (that is, net borrowed) or posting the security or cash (that is,  net lent).",0.5525485277175903
"Subject: [EXTERNAL MESSAGE] September 1, 2023 - R egulatory Capital Rule: Large Banking ","64276 Federal Register / Vol. 88, No. 179 / Monday, September 18, 2023 / Proposed Rules  covered savings and loan holding  company that is a banking organization as defined in 12 CFR 238.2, or a depository institution that is subject to these requirements or of a non-U.S. banking organization that is subject to comparable public disclosure requirements in its home jurisdiction is not required to make the disclosures required by paragraph (f) of this section.   (b) Timing.",0.5489692091941833
"Subject: [EXTERNAL MESSAGE] September 1, 2023 - R egulatory Capital Rule: Large Banking ","64306 Federal Register / Vol. 88, No. 179 / Monday, September 18, 2023 / Proposed Rules  (b) Expanded total risk-weighted  assets. Beginning July 1, 2025, a  national bank or Federal savings  association subject to subpart E of this part must comply with the requirements of subpart B of this part using transition expanded total risk-weighted assets as calculated under this paragraph in place of expanded total risk-weighted assets.",0.5452027320861816
Organizations and Banking Organizations wi th Significant Trading Activity; Comment ,"64073 Federal Register / Vol. 88, No. 179 / Monday, September 18, 2023 / Proposed Rules  144If the banking organization is an originating  banking organization with respect to the NPL  securitization, the banking organization may maintain risk-based capital against the transferred exposures as if they had not been securitized and must deduct from common equity tier 1 capital any after-tax gain-on-sale resulting from the transaction and any portion of a CEIO strip that does not constitute an after-tax gain-on-sale.  ",0.543470025062561
"Subject: [EXTERNAL MESSAGE] September 1, 2023 - R egulatory Capital Rule: Large Banking ","64211 Federal Register / Vol. 88, No. 179 / Monday, September 18, 2023 / Proposed Rules  capital treatment under either this  subpart or subpart F, whichever results in the highest risk-based capital requirement.  ",0.5406478047370911
"Subject: [EXTERNAL MESSAGE] September 1, 2023 - R egulatory Capital Rule: Large Banking ","64111 Federal Register / Vol. 88, No. 179 / Monday, September 18, 2023 / Proposed Rules  298The respective components of the  standardized approach capital requirement are the  sensitivities-based method capital requirement, the standardized default risk capital requirement, and the residual risk add-on.   299The respective components of IMA totalare:  IMA G,A, SA U, SA all desks , SA G,A, SA i(as part of the  PLA add-on calculation), the capital add-on for certain securitization and correlation trading positions or equity positions in an investment fund on model-eligible trading desks, and any additional capital requirement established by the primary Federal supervisor.",0.5400369763374329
"Subject: [EXTERNAL MESSAGE] September 1, 2023 - R egulatory Capital Rule: Large Banking ","64090 Federal Register / Vol. 88, No. 179 / Monday, September 18, 2023 / Proposed Rules  201In the case of a depository institution that is  not a consolidated subsidiary of a depository  institution holding company that is assigned a category under the capital rule",0.5382997989654541
"Subject: [EXTERNAL MESSAGE] September 1, 2023 - R egulatory Capital Rule: Large Banking ","64219 Federal Register / Vol. 88, No. 179 / Monday, September 18, 2023 / Proposed Rules  (b) Risk management-related  disclosure requirements. (1) The  [BANKING ORGANIZATION] must describe its risk management objectives and policies for the organization overall, in particular:  (i) How the business model  determines and interacts with the overall risk profile (e.g., the key risks  related to the business model and how each of these risks is reflected and described in the risk disclosures) and how the risk profile of the [BANKING ORGANIZATION] interacts with the risk tolerance approved by the board;  (ii) The risk governance structure,  including: responsibilities attributed throughout the [BANKING ORGANIZATION]",0.5381040573120117
"Subject: [EXTERNAL MESSAGE] September 1, 2023 - R egulatory Capital Rule: Large Banking ","64313 Federal Register / Vol. 88, No. 179 / Monday, September 18, 2023 / Proposed Rules  amount of any increase in the mark-to-  fair value of the purchased credit derivative that is recognized in common equity tier 1 capital; and  (4) Where the Board-regulated  institution purchases credit protection through a total return swap and records the net payments received on a credit derivative through which the Board- regulated institution provides credit protection in net income, but does not record offsetting deterioration in the mark-to-fair value of the credit derivative through which the Board- regulated institution provides credit protection in net income (either through reductions in fair value or by additions to reserves), the Board-regulated institution may not use the purchased credit protection to offset the effective notional principal amount of the related credit derivative through which the Board-regulated institution provides credit protection;  (v) Where a Board-regulated  institution acting as a principal has more than one repo-style transaction with the same counterparty and has offset the gross value of receivables due from a counterparty under reverse repurchase transactions by the gross value of payables under repurchase transactions due to the same counterparty, the gross value of receivables associated with the repo- style transactions less any on-balance  sheet receivables amount associated with these repo-style transactions included under paragraph (c)(2)(i) of this section, unless the following criteria are met:  (A) The offsetting transactions have  the same explicit final settlement date under their governing agreements;  (B)",0.5360831022262573
"Subject: [EXTERNAL MESSAGE] September 1, 2023 - R egulatory Capital Rule: Large Banking ","64054 Federal Register / Vol. 88, No. 179 / Monday, September 18, 2023 / Proposed Rules  94Under § ll.2 of the current capital rule, a  person or company controls a company if it: (1)  owns, controls, or holds with power to vote 25 percent or more of a class of voting securities of the company; or (2) consolidates the company for financial reporting purposes.",0.5353917479515076
"Subject: [EXTERNAL MESSAGE] September 1, 2023 - R egulatory Capital Rule: Large Banking ","64166 Federal Register / Vol. 88, No. 179 / Monday, September 18, 2023 / Proposed Rules  457For example, the SA–CVA calculation does  not fully account for the dependence between the  banking organization’s exposure to a counterparty and the counterparty’s credit quality.   458Any banking organization not subject to  Category I, II, III, or IV standards that becomes subject to Category I, II, III, or IV standards during the proposed transition period, would be eligible for the remaining time that the transition provisions  provide.",0.5343109965324402
"Subject: [EXTERNAL MESSAGE] September 1, 2023 - R egulatory Capital Rule: Large Banking ","64335 Federal Register / Vol. 88, No. 179 / Monday, September 18, 2023 / Proposed Rules  institution that relate to the subsidiary  multiplied by  (2) The total capital ratio the  subsidiary must maintain to avoid restrictions on distributions and discretionary bonus payments under § 324.11 or equivalent standards established by the subsidiary’s home country supervisor.  ",0.5333481431007385
Organizations and Banking Organizations wi th Significant Trading Activity; Comment ,"64148 Federal Register / Vol. 88, No. 179 / Monday, September 18, 2023 / Proposed Rules  422The agencies would expect a banking  organization to have sound internal capital  assessment processes which would include, but not be limited to, identification of capital adequacy goals with respect to risks, taking into account the strategic focus and business plan of the banking organization, risk identification, measurement, and documentation, as well as a process of internal controls, reviews and audits. the cash leg of the transaction could opt  into this treatment.",0.531558632850647
"Subject: [EXTERNAL MESSAGE] September 1, 2023 - R egulatory Capital Rule: Large Banking ","64109 Federal Register / Vol. 88, No. 179 / Monday, September 18, 2023 / Proposed Rules  290Notably, for securitization positions subject to  subpart F, the current capital rule provides a  standardized measurement method for capturing specific risks and a models-based measure capturing general risks for calculating market risk- weighted assets. 291A risk factor sensitivity is the change in value  of an instrument given a small movement in a risk factor that affects the instrument’s value.  ",0.5311965346336365
"Subject: [EXTERNAL MESSAGE] September 1, 2023 - R egulatory Capital Rule: Large Banking ","64156 Federal Register / Vol. 88, No. 179 / Monday, September 18, 2023 / Proposed Rules  439For a netting set consisting of a single  transaction (for example, a derivative contract that  is not subject to a QMNA), the effective maturity would equal the remaining contractual maturity of the derivative contract. 440See the definition of Investment Grade in the  capital rule.",0.5295386910438538
"Subject: [EXTERNAL MESSAGE] September 1, 2023 - R egulatory Capital Rule: Large Banking ","64296 Federal Register / Vol. 88, No. 179 / Monday, September 18, 2023 / Proposed Rules  and outstanding common stock of the  unconsolidated financial institution.   * *",0.5273523926734924
"Subject: [EXTERNAL MESSAGE] September 1, 2023 - R egulatory Capital Rule: Large Banking ","64067 Federal Register / Vol. 88, No. 179 / Monday, September 18, 2023 / Proposed Rules  126The transaction would also result in credit  (reduction) of $100 cash, but this would have no  impact on the banking organization’s risk-weighted assets as cash is assigned a 0 percent risk weight under § ll.111.   127See proposed § ll.112(b)(5)(iv).",0.5254460573196411
"Subject: [EXTERNAL MESSAGE] September 1, 2023 - R egulatory Capital Rule: Large Banking ","64299 Federal Register / Vol. 88, No. 179 / Monday, September 18, 2023 / Proposed Rules  however, that the minimum credit  conversion factor that may be assigned to an off-balance sheet exposure under this paragraph is 10 percent; and  (ix) For a national bank or Federal  savings association that is a clearing member:  (A) A clearing member national bank  or Federal savings association that guarantees the performance of a clearing member client with respect to a cleared  transaction must treat its exposure to the clearing member client as a derivative contract or repo-style transaction, as applicable, for purposes of determining its total leverage exposure;  (B) A clearing member national bank  or Federal savings association that guarantees the performance of a CCP with respect to a transaction cleared on behalf of a clearing member client must treat its exposure to the CCP as a derivative contract or repo-style transaction, as applicable, for purposes of determining its total leverage exposure;  (C) A clearing member national bank  or Federal savings association that does not guarantee the performance of a CCP with respect to a transaction cleared on behalf of a clearing member client may exclude its exposure to the CCP for purposes of determining its total leverage exposure;  (D) Notwithstanding paragraphs  (c)(2)(ix)(A) through (C) of this section, a national bank or Federal savings association that is a clearing member may exclude from its total leverage exposure the effective notional principal amount of credit protection sold through a credit derivative contract, or other similar instrument, that it clears on behalf of a clearing member client through a CCP as calculated in accordance with paragraph (c)(2)(iv) of this section; and  (E) A national bank or Federal savings  association may exclude from its total leverage exposure a clearing member’s exposure to a clearing member client for a derivative contract if the clearing member client and the clearing member are affiliates and consolidated for financial reporting purposes on the national bank’s or Federal savings association’s balance sheet.   (x) A custodial banking organization  shall exclude from its total leverage exposure the lesser of:  (A)",0.5248375535011292
"Subject: [EXTERNAL MESSAGE] September 1, 2023 - R egulatory Capital Rule: Large Banking ","64130 Federal Register / Vol. 88, No. 179 / Monday, September 18, 2023 / Proposed Rules  374An equity or credit index would be considered  well diversified if it contains a large number of  individual equity or credit positions, with no single position representing a substantial portion of the index’s total market value. 375See section III.H.7.a of this SUPPLEMENTARY   INFORMATION for a more detailed description on the  assignment of delta sensitivities to the prescribed  risk buckets under the proposed sensitivities-based method.",0.5235474705696106
Large Banking organizations ,"64073 Federal Register / Vol. 88, No. 179 / Monday, September 18, 2023 / Proposed Rules  144If the banking organization is an originating  banking organization with respect to the NPL  securitization, the banking organization may maintain risk-based capital against the transferred exposures as if they had not been securitized and must deduct from common equity tier 1 capital any after-tax gain-on-sale resulting from the transaction and any portion of a CEIO strip that does not constitute an after-tax gain-on-sale.  ",0.5229071378707886
"Subject: [EXTERNAL MESSAGE] September 1, 2023 - R egulatory Capital Rule: Large Banking ","64124 Federal Register / Vol. 88, No. 179 / Monday, September 18, 2023 / Proposed Rules  357The proposal would require a banking  organization to apply the highest risk weight that  is applicable under the investment limits of an equity position in an investment fund that may invest in primarily high-yield or distressed names under the fund’s mandate by first applying the highest risk weight that is applicable under the fund’s investment limits to defaulted instruments, followed by sub-speculative grade, then speculative grade, then investment grade securities. A banking organization may not recognize any offsetting or diversification benefit when calculating the average risk weight of the fund.",0.5210542678833008
"Subject: [EXTERNAL MESSAGE] September 1, 2023 - R egulatory Capital Rule: Large Banking ","64041 Federal Register / Vol. 88, No. 179 / Monday, September 18, 2023 / Proposed Rules  61Under § ll.2 of the current capital rule, a  depository institution means a depository  institution as defined in section 3 of the Federal Deposit Insurance Act, a foreign bank means a foreign bank as defined in section 211.2 of the Federal Reserve Board’s Regulation K (12 CFR 211.2) (other than a depository institution), and a credit union means an insured credit union as defined under the Federal Credit Union Act (12 U.S.C. 1751 et seq.).",0.5210418105125427
"Subject: [EXTERNAL MESSAGE] September 1, 2023 - R egulatory Capital Rule: Large Banking ","64075 Federal Register / Vol. 88, No. 179 / Monday, September 18, 2023 / Proposed Rules  151Consistent with the current capital rule, the  proposal would allow a banking organization to  choose not to hold risk-based capital against the counterparty credit risk of equity derivative contracts, as long as it does so for all such contracts. Where the equity derivative contracts are subject to a qualified master netting agreement, the proposal would require the banking organization to either include all or exclude all of the contracts from any measure used to determine counterparty credit risk exposure.",0.5209313035011292
"Subject: [EXTERNAL MESSAGE] September 1, 2023 - R egulatory Capital Rule: Large Banking ","64207 Federal Register / Vol. 88, No. 179 / Monday, September 18, 2023 / Proposed Rules  eligible margin loans or a holding  period longer than five business days for repo-style transactions that are not cleared transactions under the following conditions. If the number of trades in a netting set exceeds 5,000 at any time during a quarter, a [BANKING ORGANIZATION] must adjust the haircuts provided in paragraphs (c)(2)(iii)(A) and (B) of this section upward on the basis of a holding period of twenty business days for the following quarter except in the calculation of exposure amount for purposes of § ll.114.",0.5196619033813477
Organizations and Banking Organizations wi th Significant Trading Activity; Comment ,"64132 Federal Register / Vol. 88, No. 179 / Monday, September 18, 2023 / Proposed Rules  379Prices from a transaction or quote processed  through a trading platform or exchange would  satisfy this requirement for purposes of the proposed definition of real price.   380Banking organizations must ensure that  exchanges of price information among competitors or with third parties are not likely to include acts or omissions that could result in a violation of Federal antitrust laws, including the Sherman Act, 15 U.S.C. 1 et seq., and the Federal Trade Commission Act, 15 U.S.C. 41 et seq.  ",0.5196228623390198
"Subject: [EXTERNAL MESSAGE] September 1, 2023 - R egulatory Capital Rule: Large Banking ","64303 Federal Register / Vol. 88, No. 179 / Monday, September 18, 2023 / Proposed Rules  to common equity tier 1 capital under  paragraph (b) of this section. A national bank or Federal savings association  subject to subpart E of this part that elects to exclude DTAs relating to adjustments under paragraph (b) of this section also must exclude DTLs and must do so consistently in all future calculations.",0.5187172889709473
"Subject: [EXTERNAL MESSAGE] September 1, 2023 - R egulatory Capital Rule: Large Banking ","64135 Federal Register / Vol. 88, No. 179 / Monday, September 18, 2023 / Proposed Rules  390As discussed in section III.H.8.a.ii. I of this  SUPPLEMENTARY INFORMATION , a banking  organization may elect to either use (1) the full set  of risk factors employed by its internal risk management models and directly calculate the daily expected shortfall measure under the selected twelve-month period of stress or (2) an appropriate subset of modellable risk factors to estimate the potential losses that would be incurred throughout the selected stress period, which would require the banking organization to estimate a daily expected shortfall measure for both the current and stress period.  ",0.5186611413955688
Organizations and Banking Organizations wi th Significant Trading Activity; Comment ,"64037 Federal Register / Vol. 88, No. 179 / Monday, September 18, 2023 / Proposed Rules  38For banking organizations that are not subject  to Category I or II capital standards, the current  capital rule does not have distinct treatments for significant and nonsignificant investments in the capital of unconsolidated financial institutions.",0.5176873207092285
"Subject: [EXTERNAL MESSAGE] September 1, 2023 - R egulatory Capital Rule: Large Banking ","64093 Federal Register / Vol. 88, No. 179 / Monday, September 18, 2023 / Proposed Rules  230The internal models approach capital  requirements for model-eligible trading desks  would itself consist of four components: (1) the internally modelled capital requirement for modellable risk factors, (2) the stressed expected shortfall for non-modellable risk factors, (3) the standardized default risk capital requirement, and (4) the aggregate trading portfolio backtesting capital multiplier. See section III.H.8.a of this  SUPPLEMENTARY INFORMATION .",0.5173551440238953
"Subject: [EXTERNAL MESSAGE] September 1, 2023 - R egulatory Capital Rule: Large Banking ","64212 Federal Register / Vol. 88, No. 179 / Monday, September 18, 2023 / Proposed Rules   [BANKING ORGANIZATION] must  determine the exposure amount of the credit derivative under § ll.113.  ",0.5170745849609375
"Subject: [EXTERNAL MESSAGE] September 1, 2023 - R egulatory Capital Rule: Large Banking ","64239 Federal Register / Vol. 88, No. 179 / Monday, September 18, 2023 / Proposed Rules  (c) Treatment of hybrid instruments in  the standardized approach capital  requirement. For purposes of calculating  the standardized approach capital requirement, a [BANKING ORGANIZATION] must assign risk sensitivities of hybrid instruments into the applicable risk classes such as interest rate, credit spread, and equity risk for calculating the delta, vega, and curvature capital requirements.",0.5165883302688599
Organizations and Banking Organizations wi th Significant Trading Activity; Comment ,"64147 Federal Register / Vol. 88, No. 179 / Monday, September 18, 2023 / Proposed Rules  420While such transactions are similar to trading  activities, not all such transactions meet the short-  term trading intent criterion of the definition of covered position.",0.5156801342964172
Organizations and Banking Organizations wi th Significant Trading Activity; Comment ,"64302 Federal Register / Vol. 88, No. 179 / Monday, September 18, 2023 / Proposed Rules  significant investments in the capital of  an unconsolidated financial institution and, if applicable, any investments in a covered debt instrument subject to deduction under this paragraph (c)(5), exceeding the 10 percent threshold for non-significant investments, multiplied by  (B) The ratio of the national bank’s or  Federal savings association’s aggregate non-significant investments in the capital of an unconsolidated financial institution (in the form of such capital component) to the national bank’s or Federal savings association’s total non- significant investments in unconsolidated financial institutions, with an investment in a covered debt instrument being treated as tier 2 capital for this purpose.  ",0.5156221389770508
"Subject: [EXTERNAL MESSAGE] September 1, 2023 - R egulatory Capital Rule: Large Banking ","64077 Federal Register / Vol. 88, No. 179 / Monday, September 18, 2023 / Proposed Rules  percent risk weight to all publicly traded equity  positions that are not equity exposures to investment funds.",0.5154358148574829
Request (RIN 3064-AF29) ,"64224 Federal Register / Vol. 88, No. 179 / Monday, September 18, 2023 / Proposed Rules  VerDate Sep<11>2014 20:05 Sep 15, 2023 Jkt 259001 PO 00000 Frm 00198 Fmt 4701 Sfmt 4725 E:\FR\FM\18SEP2.SGM 18SEP2 EP18SE23.095</GPH> EP18SE23.096</GPH> EP18SE23.097</GPH>lotter on DSK11XQN23PROD with PROPOSALS2",0.5148853659629822
Request (RIN 3064-AF29) ,"64225 Federal Register / Vol. 88, No. 179 / Monday, September 18, 2023 / Proposed Rules  VerDate Sep<11>2014 20:05 Sep 15, 2023 Jkt 259001 PO 00000 Frm 00199 Fmt 4701 Sfmt 4725 E:\FR\FM\18SEP2.SGM 18SEP2 EP18SE23.098</GPH> EP18SE23.099</GPH> EP18SE23.100</GPH>lotter on DSK11XQN23PROD with PROPOSALS2",0.5145664215087891
"Subject: [EXTERNAL MESSAGE] September 1, 2023 - R egulatory Capital Rule: Large Banking ","64206 Federal Register / Vol. 88, No. 179 / Monday, September 18, 2023 / Proposed Rules  BILLING CODE 6210–01–C; 6714–01–C; 4810–33–C  (B) For currency mismatches, a  [BANKING ORGANIZATION] must use  a haircut for foreign exchange rate volatility (H fx) of 8 percent, as adjusted  in certain circumstances under paragraphs (c)(2)(iii)(C) and (D) of this section.   (C)",0.51410973072052
"Subject: [EXTERNAL MESSAGE] September 1, 2023 - R egulatory Capital Rule: Large Banking ","64319 Federal Register / Vol. 88, No. 179 / Monday, September 18, 2023 / Proposed Rules  unconsolidated financial institutions for  a Board-regulated institution subject to subpart E of this part (as described in paragraph (c)(6) of this section). Under the corresponding deduction approach, a Board-regulated institution must make deductions from the component of capital for which the underlying instrument would qualify if it were issued by the Board-regulated institution itself, as described in paragraphs (c)(2)(i) through (iii) of this section.",0.5126413702964783
"Subject: [EXTERNAL MESSAGE] September 1, 2023 - R egulatory Capital Rule: Large Banking ","64334 Federal Register / Vol. 88, No. 179 / Monday, September 18, 2023 / Proposed Rules  capital requirement as determined  under § 324.210 multiplied by 12.5.  ",0.5119030475616455
"Subject: [EXTERNAL MESSAGE] September 1, 2023 - R egulatory Capital Rule: Large Banking ","64094 Federal Register / Vol. 88, No. 179 / Monday, September 18, 2023 / Proposed Rules   233As the standardized approach is less risk-  sensitive than the internal models approach, to the  extent that the capital requirement under the internal models approach exceeds that under the  standardized approach for model-eligible desks, the proposal would require this difference to be reflected in the aggregate capital requirement under  the models-based measure for market risk.  ",0.5105563998222351
"Subject: [EXTERNAL MESSAGE] September 1, 2023 - R egulatory Capital Rule: Large Banking ","64095 Federal Register / Vol. 88, No. 179 / Monday, September 18, 2023 / Proposed Rules  236The proposal would define customer and  proprietary broker-dealer reserve bank accounts as  segregated accounts established by a subsidiary of a banking organization that fulfill the requirements of 17 CFR 240.15c3–3 (SEC Rule 15c3–3) or 17 CFR 1.20 (CFTC Regulation 1.20).   237See 84 FR 59230, 59249 (November 1, 2019).",0.5093240141868591
"Subject: [EXTERNAL MESSAGE] September 1, 2023 - R egulatory Capital Rule: Large Banking ","64121 Federal Register / Vol. 88, No. 179 / Monday, September 18, 2023 / Proposed Rules  342Under Regulation Z, a higher-priced mortgage  loan is defined as a closed-end consumer credit  transaction secured by the consumer’s principal dwelling with an annual percentage rate that exceeds the average prime offer rate for a comparable transaction as of the date the interest rate is set by a certain amount of percentage points depending on the type of loan.",0.5092558860778809
"Subject: [EXTERNAL MESSAGE] September 1, 2023 - R egulatory Capital Rule: Large Banking ","64340 Federal Register / Vol. 88, No. 179 / Monday, September 18, 2023 / Proposed Rules  BILLING CODE 6210–01–C; 6714–01–C; 4810–33–C  Subpart F—Risk-Weighted Assets—  Market Risk and Credit Valuation Adjustment (CVA)  ■104. In § 324.201:  ■a. Revise paragraphs (b)(1)(i), (b)(2),  and (b)(5)(i); and  ■b.",0.5066666603088379
Request (RIN 3064-AF29) ,"64223 Federal Register / Vol. 88, No. 179 / Monday, September 18, 2023 / Proposed Rules  VerDate Sep<11>2014 20:05 Sep 15, 2023 Jkt 259001 PO 00000 Frm 00197",0.5059472918510437
"Subject: [EXTERNAL MESSAGE] September 1, 2023 - R egulatory Capital Rule: Large Banking ","64120 Federal Register / Vol. 88, No. 179 / Monday, September 18, 2023 / Proposed Rules  issuer or the reference entity likely would default  on its financial commitments. 335The agencies are applying a similar  methodology for calibration of credit spread risk  weight for sovereigns as the Basel Committee used for calibrating risk weights for other asset classes, which aligns the sensitivities-based method risk weight calibration to the liquidity horizon adjusted stressed expected shortfall specified in the internal model approach.",0.505399763584137
Request (RIN 3064-AF29) ,"64222 Federal Register / Vol. 88, No. 179 / Monday, September 18, 2023 / Proposed Rules  VerDate Sep<11>2014 20:05 Sep 15, 2023 Jkt 259001 PO 00000 Frm 00196 Fmt 4701 Sfmt 4725 E:\FR\FM\18SEP2.SGM 18SEP2 EP18SE23.093</GPH>lotter on DSK11XQN23PROD with PROPOSALS2",0.5053006410598755
"Subject: [EXTERNAL MESSAGE] September 1, 2023 - R egulatory Capital Rule: Large Banking ","64284 Federal Register / Vol. 88, No. 179 / Monday, September 18, 2023 / Proposed Rules  volatilities and correlations of market  risk factors on a historical basis; and  (iii) The distribution of modelled risk  factors must adequately account for the possible non-normality of the distribution of exposures.   (12) For purposes of the calculation of  the regulatory CVA, a [BANKING ORGANIZATION] must recognize netting in the same manner as used by the [BANKING ORGANIZATION] for financial reporting purposes.  ",0.5052973628044128
"Subject: [EXTERNAL MESSAGE] September 1, 2023 - R egulatory Capital Rule: Large Banking ","64184 Federal Register / Vol. 88, No. 179 / Monday, September 18, 2023 / Proposed Rules  exposed to credit risk. The following  exposures are not credit obligations: derivative contracts, cleared transactions, default fund contributions, repo-style transactions, eligible margin loans, equity exposures, or securitization exposures.  ",0.504440188407898
"Subject: [EXTERNAL MESSAGE] September 1, 2023 - R egulatory Capital Rule: Large Banking ","64259 Federal Register / Vol. 88, No. 179 / Monday, September 18, 2023 / Proposed Rules  (iii) For purposes of aggregating risk  weighted delta sensitivities of commodity risk within a bucket as  specified in § ll.206(b)(2), a [BANKING ORGANIZATION] must use the following correlation parameters:  VerDate Sep<11>2014 20:05 Sep 15, 2023 Jkt 259001 PO 00000 Frm 00233",0.5029374361038208
"Subject: [EXTERNAL MESSAGE] September 1, 2023 - R egulatory Capital Rule: Large Banking ","64102 Federal Register / Vol. 88, No. 179 / Monday, September 18, 2023 / Proposed Rules  268Specifically, to align with the GAAP  considerations for valuation of market risk covered  positions, the proposal would eliminate the market risk capital rule requirement that a banking organization’s process for valuing covered positions must consider, as appropriate, unearned credit spreads, close-out costs, early termination costs, investing and funding costs, liquidity, and model risk. See 12 CFR 3.203(b)(2) (OCC); 12 CFR  217.203(b)(2) (Board); 12 CFR 324.203(b)(2) (FDIC).",0.5024399161338806
Organizations and Banking Organizations wi th Significant Trading Activity; Comment ,"64096 Federal Register / Vol. 88, No. 179 / Monday, September 18, 2023 / Proposed Rules  240The current capital rule defines a trading  position as one that is held by a banking  organization for the purpose of short-term resale or with the intent of benefiting from actual or expected short-term price movements or to lock-in arbitrage profits.",0.5023605823516846
"Subject: [EXTERNAL MESSAGE] September 1, 2023 - R egulatory Capital Rule: Large Banking ","64033 Federal Register / Vol. 88, No. 179 / Monday, September 18, 2023 / Proposed Rules  21The proposed methodology for determining  market risk-weighted assets, in certain instances,  would require a banking organization that is subject to subpart E to apply risk weights from subpart D for purposes of determining its standardized total risk-weighted assets and from subpart E for purposes of determining its expanded total risk- weighted assets.",0.5018649101257324
"Subject: [EXTERNAL MESSAGE] September 1, 2023 - R egulatory Capital Rule: Large Banking ","64076 Federal Register / Vol. 88, No. 179 / Monday, September 18, 2023 / Proposed Rules   153The proposal would rely on the existing  definition of publicly traded under the current  capital rule.",0.5007739067077637
"Subject: [EXTERNAL MESSAGE] September 1, 2023 - R egulatory Capital Rule: Large Banking ","64035 Federal Register / Vol. 88, No. 179 / Monday, September 18, 2023 / Proposed Rules  27Initially, the Board did not incorporate the  stress capital buffer requirement into the advanced  approaches capital conservation buffer requirement owing to the complexity involved in doing so.   28The Board’s Stress Testing Policy Statement  includes an assumption that the magnitude of a banking organization’s balance sheet will be fixed throughout the projection horizon under the supervisory stress test.",0.5001696944236755
Request (RIN 3064-AF29) ,"64221 Federal Register / Vol. 88, No. 179 / Monday, September 18, 2023 / Proposed Rules  VerDate Sep<11>2014 20:05 Sep 15, 2023 Jkt 259001 PO 00000 Frm 00195 Fmt 4701 Sfmt 4725 E:\FR\FM\18SEP2.SGM 18SEP2 EP18SE23.092</GPH>lotter on DSK11XQN23PROD with PROPOSALS2",0.5000174045562744
