proposed rule changes that would in crease capital requirements for banks in the United States. The proposal ,"64148 Federal Register / Vol. 88, No. 179 / Monday, September 18, 2023 / Proposed Rules  422The agencies would expect a banking  organization to have sound internal capital  assessment processes which would include, but not be limited to, identification of capital adequacy goals with respect to risks, taking into account the strategic focus and business plan of the banking organization, risk identification, measurement, and documentation, as well as a process of internal controls, reviews and audits. the cash leg of the transaction could opt  into this treatment.",0.6524040699005127
proposed rule changes that would in crease capital requirements for banks in the United States. The proposal ,"64110 Federal Register / Vol. 88, No. 179 / Monday, September 18, 2023 / Proposed Rules  293See section III.H.6.d of this SUPPLEMENTARY   INFORMATION for a more detailed discussion of the  capital add-on for re-designations. 294Separate capital calculations could  unnecessarily increase capital requirement because  they ignore the offsetting benefits between market risk covered positions held by trading desks subject to the internal models approach and those held by trading desks subject to the standardized approach.",0.6453298330307007
proposed rule changes that would in crease capital requirements for banks in the United States. The proposal ,"64078 Federal Register / Vol. 88, No. 179 / Monday, September 18, 2023 / Proposed Rules  162Consistent with the current capital rule, under  the proposal, an equity exposure to an investment  firm that is treated as a traditional securitization would be subject to due diligence requirements. If a banking organization is unable to demonstrate to the satisfaction of the primary Federal supervisor a comprehensive understanding of the features of an equity exposure that would materially affect the performance of the exposure, the proposal would require the banking organization to assign a risk weight of 1,250 percent to the equity exposure to the investment firm.  ",0.6195045113563538
proposed rule changes that would in crease capital requirements for banks in the United States. The proposal ,"64112 Federal Register / Vol. 88, No. 179 / Monday, September 18, 2023 / Proposed Rules  301See sections III.H.6.c and III.H.6.d of this  SUPPLEMENTARY INFORMATION for a more detailed  discussion on the fallback capital requirement and  the capital add-on requirement for re-designations, respectively. 302Under the proposal, a banking organization  would have to separately calculate the potential  losses arising from the position’s sensitivity to  changes in interest rates and changes in the issuer’s credit spread.  ",0.6161247491836548
proposed rule changes that would in crease capital requirements for banks in the United States. The proposal ,"64037 Federal Register / Vol. 88, No. 179 / Monday, September 18, 2023 / Proposed Rules  38For banking organizations that are not subject  to Category I or II capital standards, the current  capital rule does not have distinct treatments for significant and nonsignificant investments in the capital of unconsolidated financial institutions.",0.5973837375640869
proposed rule changes that would in crease capital requirements for banks in the United States. The proposal ,"64168 Federal Register / Vol. 88, No. 179 / Monday, September 18, 2023 / Proposed Rules  461For credit risk revisions, almost all banking  organizations subject to Category I or II capital  standards, as well as two banking organizations subject to Category III capital standards, report their estimated impacts. For market risk revisions, only the top trading firms report their estimated impacts.  ",0.5969215035438538
proposed rule changes that would in crease capital requirements for banks in the United States. The proposal ,"64327 Federal Register / Vol. 88, No. 179 / Monday, September 18, 2023 / Proposed Rules  Subpart N—Enhanced Prudential  Standards for Foreign Banking Organizations With Total Consolidated Assets of $100 Billion or More and Combined U.S. Assets of Less Than $100 Billion  ■77. In § 252.147, revise paragraph  (e)(1)(i) to read as follows:  § 252.147 U.S. intermediate holding  company requirement for foreign banking organizations with combined U.S. assets of less than $100 billion and U.S. non-branch assets of $50 billion or more.  ",0.5949348211288452
proposed rule changes that would in crease capital requirements for banks in the United States. The proposal ,"64075 Federal Register / Vol. 88, No. 179 / Monday, September 18, 2023 / Proposed Rules  151Consistent with the current capital rule, the  proposal would allow a banking organization to  choose not to hold risk-based capital against the counterparty credit risk of equity derivative contracts, as long as it does so for all such contracts. Where the equity derivative contracts are subject to a qualified master netting agreement, the proposal would require the banking organization to either include all or exclude all of the contracts from any measure used to determine counterparty credit risk exposure.",0.5941928625106812
proposed rule changes that would in crease capital requirements for banks in the United States. The proposal ,"64326 Federal Register / Vol. 88, No. 179 / Monday, September 18, 2023 / Proposed Rules  the covered savings and loan holding  company by regulation or order, including, as applicable, any regulatory capital ratios calculated under 12 CFR part 217 and the deductions required under 12 CFR 248.12.   * *",0.5903835296630859
proposed rule changes that would in crease capital requirements for banks in the United States. The proposal ,"64094 Federal Register / Vol. 88, No. 179 / Monday, September 18, 2023 / Proposed Rules   233As the standardized approach is less risk-  sensitive than the internal models approach, to the  extent that the capital requirement under the internal models approach exceeds that under the  standardized approach for model-eligible desks, the proposal would require this difference to be reflected in the aggregate capital requirement under  the models-based measure for market risk.  ",0.5902292728424072
Increasing the capital requirements will merely exacerba te these inequities and make homeownership even ,"64110 Federal Register / Vol. 88, No. 179 / Monday, September 18, 2023 / Proposed Rules  293See section III.H.6.d of this SUPPLEMENTARY   INFORMATION for a more detailed discussion of the  capital add-on for re-designations. 294Separate capital calculations could  unnecessarily increase capital requirement because  they ignore the offsetting benefits between market risk covered positions held by trading desks subject to the internal models approach and those held by trading desks subject to the standardized approach.",0.5894111394882202
proposed rule changes that would in crease capital requirements for banks in the United States. The proposal ,"64166 Federal Register / Vol. 88, No. 179 / Monday, September 18, 2023 / Proposed Rules  457For example, the SA–CVA calculation does  not fully account for the dependence between the  banking organization’s exposure to a counterparty and the counterparty’s credit quality.   458Any banking organization not subject to  Category I, II, III, or IV standards that becomes subject to Category I, II, III, or IV standards during the proposed transition period, would be eligible for the remaining time that the transition provisions  provide.",0.5892747640609741
proposed rule changes that would in crease capital requirements for banks in the United States. The proposal ,"64116 Federal Register / Vol. 88, No. 179 / Monday, September 18, 2023 / Proposed Rules  313Banking organizations would be required to  have a prudent valuation process, including the  independent validations of the valuation models used in the standardized approach.  ",0.5878604054450989
proposed rule changes that would in crease capital requirements for banks in the United States. The proposal ,"64063 Federal Register / Vol. 88, No. 179 / Monday, September 18, 2023 / Proposed Rules  120See Basel Committee, ‘‘Strengthening the  resilience of the banking sector—consultative  document,’’ December 2009; https://www.bis.org/ publ/bcbs164.pdf. 121If the mutual fund qualifies for the full look-  through approach described in section III.E.1.c.ii of this  SUPPLEMENTARY INFORMATION but would be  treated as a market risk covered position as described in section III.H.3 of this  SUPPLEMENTARY   INFORMATION if the banking organization held the  mutual fund directly, the banking organization is permitted to apply the alternative method to calculate the haircut.",0.581747829914093
proposed rule changes that would in crease capital requirements for banks in the United States. The proposal ,"64203 Federal Register / Vol. 88, No. 179 / Monday, September 18, 2023 / Proposed Rules  after counterparty delivery was due, the  [BANKING ORGANIZATION] must assign a 1,250 percent risk weight to the current fair value of the deliverables owed to the [BANKING ORGANIZATION].   (f) Total risk-weighted assets for  unsettled transactions.",0.5746864676475525
proposed rule changes that would in crease capital requirements for banks in the United States. The proposal ,"64074 Federal Register / Vol. 88, No. 179 / Monday, September 18, 2023 / Proposed Rules  147While the proposal would require banking  organizations that are not subject to the proposed  market risk capital framework to calculate risk- weighted assets for all publicly traded equity exposures under the proposed equity framework, such entities typically do not have material equity exposures.   148See §ll.202 for the proposed definition of  market risk covered position.",0.5746476054191589
proposed rule changes that would in crease capital requirements for banks in the United States. The proposal ,"64102 Federal Register / Vol. 88, No. 179 / Monday, September 18, 2023 / Proposed Rules  268Specifically, to align with the GAAP  considerations for valuation of market risk covered  positions, the proposal would eliminate the market risk capital rule requirement that a banking organization’s process for valuing covered positions must consider, as appropriate, unearned credit spreads, close-out costs, early termination costs, investing and funding costs, liquidity, and model risk. See 12 CFR 3.203(b)(2) (OCC); 12 CFR  217.203(b)(2) (Board); 12 CFR 324.203(b)(2) (FDIC).",0.5742778182029724
proposed rule changes that would in crease capital requirements for banks in the United States. The proposal ,"64306 Federal Register / Vol. 88, No. 179 / Monday, September 18, 2023 / Proposed Rules  (b) Expanded total risk-weighted  assets. Beginning July 1, 2025, a  national bank or Federal savings  association subject to subpart E of this part must comply with the requirements of subpart B of this part using transition expanded total risk-weighted assets as calculated under this paragraph in place of expanded total risk-weighted assets.",0.5742136240005493
proposed rule changes that would in crease capital requirements for banks in the United States. The proposal ,"64340 Federal Register / Vol. 88, No. 179 / Monday, September 18, 2023 / Proposed Rules  BILLING CODE 6210–01–C; 6714–01–C; 4810–33–C  Subpart F—Risk-Weighted Assets—  Market Risk and Credit Valuation Adjustment (CVA)  ■104. In § 324.201:  ■a. Revise paragraphs (b)(1)(i), (b)(2),  and (b)(5)(i); and  ■b.",0.5699494481086731
proposed rule changes that would in crease capital requirements for banks in the United States. The proposal ,"64276 Federal Register / Vol. 88, No. 179 / Monday, September 18, 2023 / Proposed Rules  covered savings and loan holding  company that is a banking organization as defined in 12 CFR 238.2, or a depository institution that is subject to these requirements or of a non-U.S. banking organization that is subject to comparable public disclosure requirements in its home jurisdiction is not required to make the disclosures required by paragraph (f) of this section.   (b) Timing.",0.5697428584098816
proposed rule changes that would in crease capital requirements for banks in the United States. The proposal ,"64091 Federal Register / Vol. 88, No. 179 / Monday, September 18, 2023 / Proposed Rules  212See section III.C.5 of this SUPPLEMENTARY   INFORMATION for a more detailed discussion on the  types of credit risk mitigants that a banking  organization would be allowed to recognize for  purposes of calculating risk-based capital requirements.  ",0.5691851377487183
proposed rule changes that would in crease capital requirements for banks in the United States. The proposal ,"64146 Federal Register / Vol. 88, No. 179 / Monday, September 18, 2023 / Proposed Rules  414As described in more detail in section III.H.6.c  of this SUPPLEMENTARY INFORMATION , the fallback  capital requirement would apply in instances where  a banking organization is unable to apply the  internal models approach and the standardized approach to calculate market risk capital requirements.",0.5647946000099182
proposed rule changes that would in crease capital requirements for banks in the United States. The proposal ,"64325 Federal Register / Vol. 88, No. 179 / Monday, September 18, 2023 / Proposed Rules  BILLING CODE 6210–01–C; 6714–01–C; 4810–33–C  PART 225—BANK HOLDING  COMPANIES AND CHANGE IN BANK CONTROL (REGULATION Y)  ■62. The authority citation for part 225  continues to read as follows:  Authority: 12 U.S.C. 1817(j)(13), 1818,  1828(o), 1831i, 1831p–1, 1843(c)(8), 1844(b),  1972(1), 3106, 3108, 3310, 3331–3351, 3906, 3907, and 3909; 15 U.S.C. 1681s, 1681w, 6801, and 6805.  ",0.5643248558044434
proposed rule changes that would in crease capital requirements for banks in the United States. The proposal ,"64302 Federal Register / Vol. 88, No. 179 / Monday, September 18, 2023 / Proposed Rules  significant investments in the capital of  an unconsolidated financial institution and, if applicable, any investments in a covered debt instrument subject to deduction under this paragraph (c)(5), exceeding the 10 percent threshold for non-significant investments, multiplied by  (B) The ratio of the national bank’s or  Federal savings association’s aggregate non-significant investments in the capital of an unconsolidated financial institution (in the form of such capital component) to the national bank’s or Federal savings association’s total non- significant investments in unconsolidated financial institutions, with an investment in a covered debt instrument being treated as tier 2 capital for this purpose.  ",0.5639849901199341
proposed rule changes that would in crease capital requirements for banks in the United States. The proposal ,"64188 Federal Register / Vol. 88, No. 179 / Monday, September 18, 2023 / Proposed Rules  unconditionally guaranteed by the FDIC  or the National Credit Union Administration.   (ii) A [BANKING ORGANIZATION]  must assign a 20 percent risk weight to the portion of an exposure that is conditionally guaranteed by the U.S. government, its central bank, or a U.S.  government agency.",0.5637432336807251
proposed rule changes that would in crease capital requirements for banks in the United States. The proposal ,"64180 Federal Register / Vol. 88, No. 179 / Monday, September 18, 2023 / Proposed Rules  changes in the projections of distinct  exposure types contribute to overall changes in market risk RWAs over the projection horizon. In addition, to further increase insight into a banking organization’s market risk RWAs for those banking organizations that received approval to calculate market risk capital requirements under the models-based measure, the Board proposes to add items to capture total standardized RWAs for model-ineligible trading desks and total RWAs under the models-based measure for model- eligible trading desks that are approved.",0.5632733702659607
proposed rule changes that would in crease capital requirements for banks in the United States. The proposal ,"64319 Federal Register / Vol. 88, No. 179 / Monday, September 18, 2023 / Proposed Rules  unconsolidated financial institutions for  a Board-regulated institution subject to subpart E of this part (as described in paragraph (c)(6) of this section). Under the corresponding deduction approach, a Board-regulated institution must make deductions from the component of capital for which the underlying instrument would qualify if it were issued by the Board-regulated institution itself, as described in paragraphs (c)(2)(i) through (iii) of this section.",0.5612743496894836
proposed rule changes that would in crease capital requirements for banks in the United States. The proposal ,"64177 Federal Register / Vol. 88, No. 179 / Monday, September 18, 2023 / Proposed Rules  internal models. Section  ll.212(b)(2)(i) of the market risk rule requires a banking organization that is subject to the market risk capital requirements to obtain the prior written approval of the primary Federal supervisor before using any internal model to calculate its risk-based capital requirements.  ",0.5584230422973633
proposed rule changes that would in crease capital requirements for banks in the United States. The proposal ,"64067 Federal Register / Vol. 88, No. 179 / Monday, September 18, 2023 / Proposed Rules  126The transaction would also result in credit  (reduction) of $100 cash, but this would have no  impact on the banking organization’s risk-weighted assets as cash is assigned a 0 percent risk weight under § ll.111.   127See proposed § ll.112(b)(5)(iv).",0.554063618183136
proposed rule changes that would in crease capital requirements for banks in the United States. The proposal ,"64169 Federal Register / Vol. 88, No. 179 / Monday, September 18, 2023 / Proposed Rules  464Further breakdown by category shows that the  proposal would increase binding common equity  tier 1 capital requirements by an estimated 19 percent for holding companies subject to Category I or II capital standards, by an estimated 6 percent for Category III and IV domestic holding companies, and by an estimated 14 percent for Category III and IV intermediate holding companies of foreign banking organizations. The impact assessment focuses on common equity tier 1 capital because it is the highest quality of regulatory capital and its minimum regulatory requirements are risk-based.  ",0.5514295697212219
proposed rule changes that would in crease capital requirements for banks in the United States. The proposal ,"64207 Federal Register / Vol. 88, No. 179 / Monday, September 18, 2023 / Proposed Rules  eligible margin loans or a holding  period longer than five business days for repo-style transactions that are not cleared transactions under the following conditions. If the number of trades in a netting set exceeds 5,000 at any time during a quarter, a [BANKING ORGANIZATION] must adjust the haircuts provided in paragraphs (c)(2)(iii)(A) and (B) of this section upward on the basis of a holding period of twenty business days for the following quarter except in the calculation of exposure amount for purposes of § ll.114.",0.5513404011726379
proposed rule changes that would in crease capital requirements for banks in the United States. The proposal ,"64336 Federal Register / Vol. 88, No. 179 / Monday, September 18, 2023 / Proposed Rules  amount to be deducted under this  paragraph (c)(5) from a specific capital component is equal to:  (A) The FDIC-supervised institution’s  aggregate non-significant investments in the capital of an unconsolidated financial institution and, if applicable, any investments in a covered debt instrument subject to deduction under this paragraph (c)(5), exceeding the 10 percent threshold for non-significant investments, multiplied by  (B)",0.5512911081314087
proposed rule changes that would in crease capital requirements for banks in the United States. The proposal ,"64239 Federal Register / Vol. 88, No. 179 / Monday, September 18, 2023 / Proposed Rules  (c) Treatment of hybrid instruments in  the standardized approach capital  requirement. For purposes of calculating  the standardized approach capital requirement, a [BANKING ORGANIZATION] must assign risk sensitivities of hybrid instruments into the applicable risk classes such as interest rate, credit spread, and equity risk for calculating the delta, vega, and curvature capital requirements.",0.549225926399231
proposed rule changes that would in crease capital requirements for banks in the United States. The proposal ,"64120 Federal Register / Vol. 88, No. 179 / Monday, September 18, 2023 / Proposed Rules  issuer or the reference entity likely would default  on its financial commitments. 335The agencies are applying a similar  methodology for calibration of credit spread risk  weight for sovereigns as the Basel Committee used for calibrating risk weights for other asset classes, which aligns the sensitivities-based method risk weight calibration to the liquidity horizon adjusted stressed expected shortfall specified in the internal model approach.",0.5492000579833984
proposed rule changes that would in crease capital requirements for banks in the United States. The proposal ,"64185 Federal Register / Vol. 88, No. 179 / Monday, September 18, 2023 / Proposed Rules  of the depository institution, foreign  bank, or credit union, and;  (ii) If applicable, the capital ratio  requirements for the well capitalized capital category under the regulations of the appropriate Federal banking agency implementing 12 U.S.C. 1831o or under similar regulations of the National Credit Union Administration.   (2) Notwithstanding paragraph (1) of  this definition, an exposure is not a Grade A bank exposure if:  (i) The capital ratios for the  depository institution, foreign bank, or credit union have not been publicly disclosed within the previous 6 months;  (ii) The external auditor of the  depository institution, foreign bank, or credit union has issued an adverse audit opinion or has expressed substantial doubt about the ability of the depository institution, foreign bank, or credit union to continue as a going concern within the previous 12 months; or  (iii) For a foreign bank, the capital  standards imposed by the home country supervisor on the foreign bank are not consistent with the Capital Accord of the Basel Committee on Banking Supervision.  ",0.548401951789856
proposed rule changes that would in crease capital requirements for banks in the United States. The proposal ,"64036 Federal Register / Vol. 88, No. 179 / Monday, September 18, 2023 / Proposed Rules  29See 12 CFR 3.22(b) (OCC); 12 CFR 217.22(b)  (Board); 12 CFR 324.22(b) (FDIC). A banking  organization that made an opt-out election is currently required to adjust common equity tier 1 capital as follows: subtract any net unrealized holding gains and add any net unrealized holding losses on available-for-sale securities; subtract any accumulated net gains and add any accumulated net losses on cash flow hedges; subtract any amounts recorded in AOCI attributed to defined benefit postretirement plans resulting from the initial and subsequent application of the relevant GAAP standards that pertain to such plans (excluding, at the banking organization’s option, the portion relating to pension assets deducted under §ll.22(a)(5) of the current capital rule); and,  subtract any net unrealized holding gains and add any net unrealized holding losses on held-to- maturity securities that are included in AOCI.  ",0.5469845533370972
proposed rule changes that would in crease capital requirements for banks in the United States. The proposal ,"64314 Federal Register / Vol. 88, No. 179 / Monday, September 18, 2023 / Proposed Rules  (B) The amount of funds in deposit  accounts at the custodial banking  organization that are linked to fiduciary or custodial and safekeeping accounts at the custodial banking organization.",0.5468752980232239
proposed rule changes that would in crease capital requirements for banks in the United States. The proposal ,"64092 Federal Register / Vol. 88, No. 179 / Monday, September 18, 2023 / Proposed Rules  219The rule was subsequently modified in 2013  with changes that included moving the market risk  requirements from the agencies’ respective appendices to subpart F of the capital rule; making savings associations and savings and loan holding companies with material exposure to market risk subject to the market risk rule, 78 FR 62018 (October 11, 2013); addressing changes to the country risk classifications, clarifying the treatment of certain traded securitization positions; revising the definition of covered position, and clarifying the timing of the market risk disclosure requirements, 78 FR 76521 (December 18, 2013).  ",0.5447835326194763
proposed rule changes that would in crease capital requirements for banks in the United States. The proposal ,"64035 Federal Register / Vol. 88, No. 179 / Monday, September 18, 2023 / Proposed Rules  27Initially, the Board did not incorporate the  stress capital buffer requirement into the advanced  approaches capital conservation buffer requirement owing to the complexity involved in doing so.   28The Board’s Stress Testing Policy Statement  includes an assumption that the magnitude of a banking organization’s balance sheet will be fixed throughout the projection horizon under the supervisory stress test.",0.5446690320968628
proposed rule changes that would in crease capital requirements for banks in the United States. The proposal ,"64171 Federal Register / Vol. 88, No. 179 / Monday, September 18, 2023 / Proposed Rules  dealers. For evidence that bank dealers commit less  capital to market-making activities, see Bessembinder, H., S. Jacobsen, W. Maxwell, and K. Venkataraman, 2018, ‘‘Capital Commitment and Illiquidity in Corporate Bonds,’’ Journal of Finance 73(4): 1615–1661, although this paper confirms that postcrisis transaction costs have not increased materially.",0.5405599474906921
As a sm,"64051 Federal Register / Vol. 88, No. 179 / Monday, September 18, 2023 / Proposed Rules  92An SME would mean an entity in which the  reported annual revenues or sales for the  consolidated group of which the entity is a part are less than or equal to $50 million for the most recent fiscal year.",0.5405166745185852
proposed rule changes that would in crease capital requirements for banks in the United States. The proposal ,"64331 Federal Register / Vol. 88, No. 179 / Monday, September 18, 2023 / Proposed Rules  would meet the definition of ‘‘Financial  institution’’ under this section but for the ownership interest thresholds set forth in paragraph (4)(i) of that definition.  ",0.5401572585105896
proposed rule changes that would in crease capital requirements for banks in the United States. The proposal ,"64211 Federal Register / Vol. 88, No. 179 / Monday, September 18, 2023 / Proposed Rules  capital treatment under either this  subpart or subpart F, whichever results in the highest risk-based capital requirement.  ",0.5400380492210388
proposed rule changes that would in crease capital requirements for banks in the United States. The proposal ,"64178 Federal Register / Vol. 88, No. 179 / Monday, September 18, 2023 / Proposed Rules  488In certain circumstances, a firm may be  required to re-submit its capital plan. See 12 CFR  225.8(e)(4); 12 CFR 238.170(e)(4).",0.5398455858230591
proposed rule changes that would in crease capital requirements for banks in the United States. The proposal ,"64111 Federal Register / Vol. 88, No. 179 / Monday, September 18, 2023 / Proposed Rules  298The respective components of the  standardized approach capital requirement are the  sensitivities-based method capital requirement, the standardized default risk capital requirement, and the residual risk add-on.   299The respective components of IMA totalare:  IMA G,A, SA U, SA all desks , SA G,A, SA i(as part of the  PLA add-on calculation), the capital add-on for certain securitization and correlation trading positions or equity positions in an investment fund on model-eligible trading desks, and any additional capital requirement established by the primary Federal supervisor.",0.5388655066490173
proposed rule changes that would in crease capital requirements for banks in the United States. The proposal ,"64126 Federal Register / Vol. 88, No. 179 / Monday, September 18, 2023 / Proposed Rules  363Specifically, the agencies are proposing to  apply a methodology similar to prior rules, where  the risk weights in the Basel III reforms are adjusted based on a weighted average risk weight calculated from the notional amount of issuance since 2007 for  each category. For this analysis, the agencies used the Mergent Fixed Income Securities database to identify notional issuance amounts for several lookback periods.",0.538246214389801
proposed rule changes that would in crease capital requirements for banks in the United States. The proposal ,"64132 Federal Register / Vol. 88, No. 179 / Monday, September 18, 2023 / Proposed Rules  379Prices from a transaction or quote processed  through a trading platform or exchange would  satisfy this requirement for purposes of the proposed definition of real price.   380Banking organizations must ensure that  exchanges of price information among competitors or with third parties are not likely to include acts or omissions that could result in a violation of Federal antitrust laws, including the Sherman Act, 15 U.S.C. 1 et seq., and the Federal Trade Commission Act, 15 U.S.C. 41 et seq.  ",0.5381200909614563
proposed rule changes that would in crease capital requirements for banks in the United States. The proposal ,"64095 Federal Register / Vol. 88, No. 179 / Monday, September 18, 2023 / Proposed Rules  236The proposal would define customer and  proprietary broker-dealer reserve bank accounts as  segregated accounts established by a subsidiary of a banking organization that fulfill the requirements of 17 CFR 240.15c3–3 (SEC Rule 15c3–3) or 17 CFR 1.20 (CFTC Regulation 1.20).   237See 84 FR 59230, 59249 (November 1, 2019).",0.5380457043647766
proposed rule changes that would in crease capital requirements for banks in the United States. The proposal ,"64205 Federal Register / Vol. 88, No. 179 / Monday, September 18, 2023 / Proposed Rules  purposes of the collateral haircut  approach, except as provided in paragraph (c)(2)(ii) of this section, a [BANKING ORGANIZATION] must determine the exposure amount for a netting set of eligible margin loans or repo-style transactions according to the  following formula:  Where:  (A) E* is the exposure amount of the netting  set after credit risk mitigation;  (B) Eiis the current fair value of the  instrument, cash, or gold the [BANKING  ORGANIZATION] has lent, sold subject to repurchase, or posted as collateral to the counterparty;  (C) C iis the current fair value of the  instrument, cash, or gold the banking organization has borrowed, purchased subject to resale, or taken as collateral from the counterparty;  (D) net exposure = |SsEsHs||;  (E) gross exposure = SsEs|Hs|;  (F) Esis the absolute value of the net position  in a given instrument or in gold, where the net position in a given instrument or gold equals the sum of the current fair values of the instrument or gold the [BANKING ORGANIZATION] has lent,  sold subject to repurchase, or posted as collateral to the counterparty, minus the sum of the current fair values of that same instrument or gold the [BANKING ORGANIZATION] has borrowed, purchased subject to resale, or taken as collateral from the counterparty;  (G) H sis the haircut appropriate to E sas  described in Table 1 of this section, as applicable.",0.5380024313926697
proposed rule changes that would in crease capital requirements for banks in the United States. The proposal ,"64219 Federal Register / Vol. 88, No. 179 / Monday, September 18, 2023 / Proposed Rules  (b) Risk management-related  disclosure requirements. (1) The  [BANKING ORGANIZATION] must describe its risk management objectives and policies for the organization overall, in particular:  (i) How the business model  determines and interacts with the overall risk profile (e.g., the key risks  related to the business model and how each of these risks is reflected and described in the risk disclosures) and how the risk profile of the [BANKING ORGANIZATION] interacts with the risk tolerance approved by the board;  (ii) The risk governance structure,  including: responsibilities attributed throughout the [BANKING ORGANIZATION]",0.5346864461898804
proposed rule changes that would in crease capital requirements for banks in the United States. The proposal ,"64324 Federal Register / Vol. 88, No. 179 / Monday, September 18, 2023 / Proposed Rules  ■60. In Appendix A to part 217, revise  footnotes 2 and 4 to read as follows:  Appendix A to Part 217—The Federal  Reserve Board’s Framework for Implementing the Countercyclical Capital Buffer  *",0.534557580947876
proposed rule changes that would in crease capital requirements for banks in the United States. The proposal ,"64076 Federal Register / Vol. 88, No. 179 / Monday, September 18, 2023 / Proposed Rules   153The proposal would rely on the existing  definition of publicly traded under the current  capital rule.",0.5336542129516602
proposed rule changes that would in crease capital requirements for banks in the United States. The proposal ,"64333 Federal Register / Vol. 88, No. 179 / Monday, September 18, 2023 / Proposed Rules  collateral to the counterparty, and C iis  the fair value of the instruments, gold,  or cash that the FDIC-supervised institution has borrowed, purchased subject to resale, or received as  collateral from the counterparty:  E i* = max {0, [E i¥C i]}; and  (B)",0.5334931015968323
proposed rule changes that would in crease capital requirements for banks in the United States. The proposal ,"64096 Federal Register / Vol. 88, No. 179 / Monday, September 18, 2023 / Proposed Rules  240The current capital rule defines a trading  position as one that is held by a banking  organization for the purpose of short-term resale or with the intent of benefiting from actual or expected short-term price movements or to lock-in arbitrage profits.",0.5334697365760803
proposed rule changes that would in crease capital requirements for banks in the United States. The proposal ,"64054 Federal Register / Vol. 88, No. 179 / Monday, September 18, 2023 / Proposed Rules  94Under § ll.2 of the current capital rule, a  person or company controls a company if it: (1)  owns, controls, or holds with power to vote 25 percent or more of a class of voting securities of the company; or (2) consolidates the company for financial reporting purposes.",0.5328254103660583
proposed rule changes that would in crease capital requirements for banks in the United States. The proposal ,"64313 Federal Register / Vol. 88, No. 179 / Monday, September 18, 2023 / Proposed Rules  amount of any increase in the mark-to-  fair value of the purchased credit derivative that is recognized in common equity tier 1 capital; and  (4) Where the Board-regulated  institution purchases credit protection through a total return swap and records the net payments received on a credit derivative through which the Board- regulated institution provides credit protection in net income, but does not record offsetting deterioration in the mark-to-fair value of the credit derivative through which the Board- regulated institution provides credit protection in net income (either through reductions in fair value or by additions to reserves), the Board-regulated institution may not use the purchased credit protection to offset the effective notional principal amount of the related credit derivative through which the Board-regulated institution provides credit protection;  (v) Where a Board-regulated  institution acting as a principal has more than one repo-style transaction with the same counterparty and has offset the gross value of receivables due from a counterparty under reverse repurchase transactions by the gross value of payables under repurchase transactions due to the same counterparty, the gross value of receivables associated with the repo- style transactions less any on-balance  sheet receivables amount associated with these repo-style transactions included under paragraph (c)(2)(i) of this section, unless the following criteria are met:  (A) The offsetting transactions have  the same explicit final settlement date under their governing agreements;  (B)",0.5327637791633606
proposed rule changes that would in crease capital requirements for banks in the United States. The proposal ,"64140 Federal Register / Vol. 88, No. 179 / Monday, September 18, 2023 / Proposed Rules  400Under the proposal, a banking organization  that has elected to use the direct approach would select the relevant stress period using the full set  of modellable risk factors, while that using the indirect approach would use the reduced set of risk factors to select the stress period.",0.5320558547973633
proposed rule changes that would in crease capital requirements for banks in the United States. The proposal ,"64210 Federal Register / Vol. 88, No. 179 / Monday, September 18, 2023 / Proposed Rules  (B) Relevant information regarding—  (1) The performance the underlying  credit exposure(s), for example, the  percentage of loans 30, 60, and 90 days past due; default rates; prepayment rates; loans in foreclosure; property types; occupancy; average credit score or other measures of creditworthiness; average LTV ratio; and industry and geographic diversification data on the underlying exposure(s); and  (2) For resecuritization exposures, in  addition to the information described in paragraph (c)(2)(i)(B)(1) of this section, performance information on the underlying securitization exposures, which may include the issuer name and credit quality, and the characteristics and performance of the exposures underlying the securitization exposures; and  (C) Relevant market data of the  securitization, for example, bid-ask spread, most recent sales price and historic price volatility, trading volume, implied market rating, and size, depth and concentration level of the market for the securitization; and  (ii) On an on-going basis (no less  frequently than quarterly), evaluating, reviewing, and updating as appropriate the analysis required under paragraph (c)(1) of this section for each securitization exposure.   §ll.131 Exposure amount of a  securitization exposure.  ",0.5318687558174133
proposed rule changes that would in crease capital requirements for banks in the United States. The proposal ,"64216 Federal Register / Vol. 88, No. 179 / Monday, September 18, 2023 / Proposed Rules  (2) If the [BANKING  ORGANIZATION]’s Business Indicator  is greater than $1 billion and less than or equal to $30 billion, Business Indicator Component = $120 million +  0.15 × (Business Indicator¥$1 billion).   (3) If the [BANKING  ORGANIZATION]’s Business Indicator is greater than $30 billion, Business Indicator Component = $4.47 billion +  0.18 × (Business Indicator¥$30 billion).  ",0.5303141474723816
proposed rule changes that would in crease capital requirements for banks in the United States. The proposal ,"64231 Federal Register / Vol. 88, No. 179 / Monday, September 18, 2023 / Proposed Rules  509Securities subject to repurchase and lending  agreements are included as if they are still owned  by the lender.  ",0.5297759175300598
proposed rule changes that would in crease capital requirements for banks in the United States. The proposal ,"64058 Federal Register / Vol. 88, No. 179 / Monday, September 18, 2023 / Proposed Rules  109See 12 CFR 3.132(c)(5)(vi) (OCC); 12 CFR  217.132(c)(5)(vi) (Board); 12 CFR 324.132(c)(5)(vi)  (FDIC). 110Consistent with the current capital rule, the  proposal would not require banking organizations to recognize any instrument as a credit risk mitigant.",0.5285694003105164
proposed rule changes that would in crease capital requirements for banks in the United States. The proposal ,"64030 Federal Register / Vol. 88, No. 179 / Monday, September 18, 2023 / Proposed Rules  1The term ‘‘banking organizations’’ includes  national banks, state member banks, state  nonmember banks, Federal savings associations, state savings associations, top-tier bank holding companies domiciled in the United States not subject to the Board’s Small Bank Holding Company and Savings and Loan Holding Company  Policy Statement (12 CFR part 225, appendix C), U.S. intermediate holding companies of foreign banking organizations, and top-tier savings and loan holding companies domiciled in the United States, except for certain savings and loan holding companies that are substantially engaged in insurance underwriting or commercial activities and savings and loan holding companies that are subject to the Small Bank Holding Company and Savings and Loan Holding Company Policy Statement.  ",0.5278229713439941
proposed rule changes that would in crease capital requirements for banks in the United States. The proposal ,"64093 Federal Register / Vol. 88, No. 179 / Monday, September 18, 2023 / Proposed Rules  230The internal models approach capital  requirements for model-eligible trading desks  would itself consist of four components: (1) the internally modelled capital requirement for modellable risk factors, (2) the stressed expected shortfall for non-modellable risk factors, (3) the standardized default risk capital requirement, and (4) the aggregate trading portfolio backtesting capital multiplier. See section III.H.8.a of this  SUPPLEMENTARY INFORMATION .",0.5271257162094116
proposed rule changes that would in crease capital requirements for banks in the United States. The proposal ,"64065 Federal Register / Vol. 88, No. 179 / Monday, September 18, 2023 / Proposed Rules  BILLING CODE 6210–01–C; 6714–01–C; 4810–33–C   The proposal would require a banking  organization to compare the haircut (H)  and a single-transaction or portfolio haircut floor (ƒ), as calculated below, to determine whether an in-scope transaction or a netting set of in-scope transactions meets the relevant floor.",0.5266909003257751
proposed rule changes that would in crease capital requirements for banks in the United States. The proposal ,"64073 Federal Register / Vol. 88, No. 179 / Monday, September 18, 2023 / Proposed Rules  144If the banking organization is an originating  banking organization with respect to the NPL  securitization, the banking organization may maintain risk-based capital against the transferred exposures as if they had not been securitized and must deduct from common equity tier 1 capital any after-tax gain-on-sale resulting from the transaction and any portion of a CEIO strip that does not constitute an after-tax gain-on-sale.  ",0.5247185230255127
proposed rule changes that would in crease capital requirements for banks in the United States. The proposal ,"64206 Federal Register / Vol. 88, No. 179 / Monday, September 18, 2023 / Proposed Rules  BILLING CODE 6210–01–C; 6714–01–C; 4810–33–C  (B) For currency mismatches, a  [BANKING ORGANIZATION] must use  a haircut for foreign exchange rate volatility (H fx) of 8 percent, as adjusted  in certain circumstances under paragraphs (c)(2)(iii)(C) and (D) of this section.   (C)",0.5230438113212585
"Sent: Thursday, October 19, 2023 1:31 PM","64337 Federal Register / Vol. 88, No. 179 / Monday, September 18, 2023 / Proposed Rules  purposes of this paragraph (f).  ",0.5224911570549011
proposed rule changes that would in crease capital requirements for banks in the United States. The proposal ,"64136 Federal Register / Vol. 88, No. 179 / Monday, September 18, 2023 / Proposed Rules  393The proposal would also require banking  organizations to calculate a daily expected shortfall-  based measure at the trading desk level for the purposes of backtesting and PLA testing to determine whether a model-eligible trading desk is subject to the PLA add-on. See sections III.H.8.b  and III.H.8.c of this  SUPPLEMENTARY INFORMATION for  further discussion.",0.521632194519043
proposed rule changes that would in crease capital requirements for banks in the United States. The proposal ,"64040 Federal Register / Vol. 88, No. 179 / Monday, September 18, 2023 / Proposed Rules  56Overdrafts are past due and are considered  defaulted exposures once the obligor has breached  an advised limit or been advised of a limit smaller than the current outstanding balance. 57Under § ll.2 of the current capital rule,  investment grade means that the entity to which the  banking organization is exposed through a loan or  security, or the reference entity with respect to a credit derivative, has adequate capacity to meet financial commitments for the projected life of the asset or exposure.",0.5215736031532288
proposed rule changes that would in crease capital requirements for banks in the United States. The proposal ,"64303 Federal Register / Vol. 88, No. 179 / Monday, September 18, 2023 / Proposed Rules  to common equity tier 1 capital under  paragraph (b) of this section. A national bank or Federal savings association  subject to subpart E of this part that elects to exclude DTAs relating to adjustments under paragraph (b) of this section also must exclude DTLs and must do so consistently in all future calculations.",0.521065354347229
"“capital and liquidity levels at our largest, most systemically importa nt banks are at multi-decade highs,” ","64083 Federal Register / Vol. 88, No. 179 / Monday, September 18, 2023 / Proposed Rules  178Recent research connecting operational risk to  higher business volume includes Frame, McLemore,  and Mihov (2020), Haste Makes Waste: Banking Organization Growth and Operational Risk, Federal Reserve Bank of Dallas, https://www.dallasfed.org/ research/papers/2020/wp2023; Curti, Frame, and  Mihov (2019), Are the Largest Banking Organizations Operationally More Risky?, Journal of Money, Credit and Banking Vol. 54, Issue 5, 1223– 1259, https://doi.org/10.1111/jmcb.12933; and  Abdymomunov and Curti (2020),",0.5209183096885681
proposed rule changes that would in crease capital requirements for banks in the United States. The proposal ,"64312 Federal Register / Vol. 88, No. 179 / Monday, September 18, 2023 / Proposed Rules  a counterparty (including cleared  transactions except as provided in paragraph (c)(2)(ix) of this section and, at the discretion of the Board-regulated institution, excluding a forward agreement treated as a derivative contract that is part of a repurchase or reverse repurchase or a securities borrowing or lending transaction that qualifies for sales treatment under GAAP), as determined under § 217.113(g), in which the term C in § 217.113(g)(1) equals zero, and, for any counterparty that is not a commercial end-user, multiplied by 1.4. For purposes of this paragraph (c)(2)(ii)(A), a Board-regulated institution may set the value of the term C in § 217.113(g)(1) equal to the amount of collateral posted by a clearing member client of the Board-regulated institution in connection with the client-facing derivative transactions within the netting set; and  (B) A Board-regulated institution may  choose to exclude the PFE of all credit derivatives or other similar instruments through which it provides credit protection when calculating the PFE under § 217.113, provided that it does so consistently over time for the calculation of the PFE for all such instruments;  (iii)(A)(1) The replacement cost of  each derivative contract or single product netting set of derivative contracts to which the Board-regulated institution is a counterparty, calculated according to the following formula, and, for any counterparty that is not a commercial end-user, multiplied by 1.4:  Replacement Cost = max{V¥CVM r+  CVM p; 0}  Where:  V equals the fair value for each derivative  contract or each netting set of derivative  contracts (including a cleared transaction except as provided in paragraph (c)(2)(ix) of this section and, at the discretion of the Board-regulated institution, excluding a forward agreement treated as a derivative contract that is part of a repurchase or reverse repurchase or a securities borrowing or lending transaction that qualifies for sales treatment under GAAP);  CVM requals the amount of cash collateral  received from a counterparty to a derivative contract and that satisfies the conditions in paragraphs (c)(2)(iii)(B) through (F) of this section, or, in the case of a client-facing derivative transaction, the amount of collateral received from the clearing member client; and  CVM pequals the amount of cash collateral  that is posted to a counterparty to a derivative contract and that has not offset the fair value of the derivative contract and that satisfies the conditions in paragraphs (c)(2)(iii)(B) through (F) of this section, or, in the case of a client- facing derivative transaction, the amount of collateral posted to the clearing member client;  (2) Notwithstanding paragraph  (c)(2)(iii)(A)(1) of this section, where multiple netting sets are subject to a single variation margin agreement, a Board-regulated institution must apply the formula for replacement cost provided in § 217.113(j)(1), in which the term CMA may only include cash collateral that satisfies the conditions in paragraphs (c)(2)(iii)(B) through (F) of this section; and  (3) For purposes of paragraph  (c)(2)(iii)(A)(1) of this section, a Board- regulated institution must treat a derivative contract that references an index as if it were multiple derivative contracts each referencing one component of the index if the Board- regulated institution elected to treat the derivative contract as multiple derivative contracts under § 217.113(e)(6);  (B) For derivative contracts that are  not cleared through a QCCP, the cash collateral received by the recipient counterparty is not segregated (by law, regulation, or an agreement with the counterparty);  (C) Variation margin is calculated and  transferred on a daily basis based on the mark-to-fair value of the derivative contract;  (D)",0.5205525755882263
proposed rule changes that would in crease capital requirements for banks in the United States. The proposal ,"64294 Federal Register / Vol. 88, No. 179 / Monday, September 18, 2023 / Proposed Rules  jurisdictional liabilities, calculated in  accordance with the instructions to the FR Y–15 or equivalent reporting form.   (3) After meeting the criteria in  paragraph (2) of this definition, a national bank or Federal savings association continues to be a Category II national bank or Federal savings association until the national bank or Federal savings association has:  (i) Less than $700 billion in total  consolidated assets, as reported on the  Call Report, for each of the four most recent calendar quarters; and  (ii)(A) Less than $75 billion in cross-  jurisdictional activity for each of the four most recent calendar quarters.",0.5203288793563843
proposed rule changes that would in crease capital requirements for banks in the United States. The proposal ,"64159 Federal Register / Vol. 88, No. 179 / Monday, September 18, 2023 / Proposed Rules  447For example, a banking organization may be  permitted to use the credit spread curve of the  home country as a proxy for that of a municipality in the home country (that is, setting the municipality credit spread equal to the sovereign credit spread plus a premium). risk classes.",0.5196013450622559
proposed rule changes that would in crease capital requirements for banks in the United States. The proposal ,"64043 Federal Register / Vol. 88, No. 179 / Monday, September 18, 2023 / Proposed Rules  71Covered debt instruments are subject to  deduction by banking organizations subject to  Category I or II capital standards similar to the deduction framework for exposures to capital instruments. See 12 CFR 3.22(c) (OCC); 12 CFR  217.22(c) (Board); 12 CFR 324.22(c) (FDIC).",0.5181241631507874
The proposed changes will have particularly harmfu l effects on credit availability and loans for home ,"64048 Federal Register / Vol. 88, No. 179 / Monday, September 18, 2023 / Proposed Rules  88The risk weight assigned to loans does not  impact the appropriate treatment of loans under the  agencies’ other regulations and guidance, such as the supervisory LTV limits under the real estate lending guidelines.",0.5174262523651123
proposed rule changes that would in crease capital requirements for banks in the United States. The proposal ,"64090 Federal Register / Vol. 88, No. 179 / Monday, September 18, 2023 / Proposed Rules  201In the case of a depository institution that is  not a consolidated subsidiary of a depository  institution holding company that is assigned a category under the capital rule",0.5162727236747742
proposed rule changes that would in crease capital requirements for banks in the United States. The proposal ,"64277 Federal Register / Vol. 88, No. 179 / Monday, September 18, 2023 / Proposed Rules  (xi) A description of the [BANKING  ORGANIZATION]’s processes for  monitoring changes in the credit and market risk of securitization positions, including how those processes differ for resecuritization positions; and  (xii) A description of the [BANKING  ORGANIZATION]’s policy governing the use of credit risk mitigation to mitigate the risks of securitization positions and resecuritization positions.  ",0.5161439776420593
proposed rule changes that would in crease capital requirements for banks in the United States. The proposal ,"64320 Federal Register / Vol. 88, No. 179 / Monday, September 18, 2023 / Proposed Rules  (ii) A Board-regulated institution  subject to subpart E of this part must  deduct from common equity tier 1 capital elements the items listed in paragraph (d)(2)(i) of this section that are not deducted as a result of the application of the 10 percent common equity tier 1 capital deduction threshold, and that, in aggregate, exceed 17.65 percent of the sum of the Board- regulated institution’s common equity tier 1 capital elements, minus adjustments to and deductions from common equity tier 1 capital required under paragraphs (a) through (c) of this section, minus the items listed in paragraph (d)(2)(i) of this section (the 15 percent common equity tier 1 capital deduction threshold). Any goodwill that has been deducted under paragraph (a)(1) of this section can be excluded from the significant investments in the capital of unconsolidated financial institutions in the form of common stock. ",0.5156549215316772
"Sent: Thursday, October 19, 2023 1:31 PM","64300 Federal Register / Vol. 88, No. 179 / Monday, September 18, 2023 / Proposed Rules  (d) *",0.5152062177658081
proposed rule changes that would in crease capital requirements for banks in the United States. The proposal ,"64334 Federal Register / Vol. 88, No. 179 / Monday, September 18, 2023 / Proposed Rules  capital requirement as determined  under § 324.210 multiplied by 12.5.  ",0.5135685801506042
proposed rule changes that would in crease capital requirements for banks in the United States. The proposal ,"64192 Federal Register / Vol. 88, No. 179 / Monday, September 18, 2023 / Proposed Rules  borrower that does not have a source of  repayment in the foreign currency equal to at least 90 percent of the annual payment amount from either income generated through ordinary business activities or from a contract with a financial institution that provides funds denominated in the foreign currency.   (h) Corporate exposures.",0.5120702981948853
proposed rule changes that would in crease capital requirements for banks in the United States. The proposal ,"64109 Federal Register / Vol. 88, No. 179 / Monday, September 18, 2023 / Proposed Rules  290Notably, for securitization positions subject to  subpart F, the current capital rule provides a  standardized measurement method for capturing specific risks and a models-based measure capturing general risks for calculating market risk- weighted assets. 291A risk factor sensitivity is the change in value  of an instrument given a small movement in a risk factor that affects the instrument’s value.  ",0.5119361877441406
proposed rule changes that would in crease capital requirements for banks in the United States. The proposal ,"64099 Federal Register / Vol. 88, No. 179 / Monday, September 18, 2023 / Proposed Rules  260For banking organizations subject to subpart F  of the capital rule, the Volcker Rule defines the  scope of instruments subject to the proprietary trading prohibition (trading account) based on two prongs: market risk capital rule covered positions that are trading positions, and instruments purchased or sold in connection with the business of a dealer, swap dealer, or securities-based swap dealer that require it to be licensed or registered as such. The proposed revisions to the definition of covered positions under subpart F of the capital rule could alter the scope of financial instruments deemed to be in the trading account under the Volcker Rule, but only to the extent that a market risk covered position is also a trading position and the position is not otherwise excluded from the Volcker rule definition of trading account.",0.5114255547523499
"“capital and liquidity levels at our largest, most systemically importa nt banks are at multi-decade highs,” ","64031 Federal Register / Vol. 88, No. 179 / Monday, September 18, 2023 / Proposed Rules  10Banking organizations’ risk-based capital ratios  are the common equity tier 1 capital ratio, tier 1  capital ratio, and total capital ratio.",0.5113568902015686
proposed rule changes that would in crease capital requirements for banks in the United States. The proposal ,"64228 Federal Register / Vol. 88, No. 179 / Monday, September 18, 2023 / Proposed Rules  BILLING CODE 6210–01–C; 6714–01–C; 4810–33–C  Subpart F—Risk-Weighted Assets—  Market Risk and Credit Valuation Adjustment (CVA)  §ll.201 Purpose, applicability, and  reservations of authority.   (a) Purpose.",0.5111512541770935
proposed rule changes that would in crease capital requirements for banks in the United States. The proposal ,"64311 Federal Register / Vol. 88, No. 179 / Monday, September 18, 2023 / Proposed Rules  contract between a Board-regulated  institution and a single counterparty.  ",0.5090989470481873
602.999.6459  (c)  ,"64182 Federal Register / Vol. 88, No. 179 / Monday, September 18, 2023 / Proposed Rules  49512 U.S.C. 3901–3911.  ",0.5081071257591248
proposed rule changes that would in crease capital requirements for banks in the United States. The proposal ,"64049 Federal Register / Vol. 88, No. 179 / Monday, September 18, 2023 / Proposed Rules  89See 12 CFR part 1026. prudent underwriting standards and  originated through a home ownership program that the primary Federal regulatory agency determines provides a public benefit and includes risk mitigation features such as credit counseling and consideration of repayment ability?",0.5079922676086426
proposed rule changes that would in crease capital requirements for banks in the United States. The proposal ,"64335 Federal Register / Vol. 88, No. 179 / Monday, September 18, 2023 / Proposed Rules  institution that relate to the subsidiary  multiplied by  (2) The total capital ratio the  subsidiary must maintain to avoid restrictions on distributions and discretionary bonus payments under § 324.11 or equivalent standards established by the subsidiary’s home country supervisor.  ",0.5060040354728699
proposed rule changes that would in crease capital requirements for banks in the United States. The proposal ,"64156 Federal Register / Vol. 88, No. 179 / Monday, September 18, 2023 / Proposed Rules  439For a netting set consisting of a single  transaction (for example, a derivative contract that  is not subject to a QMNA), the effective maturity would equal the remaining contractual maturity of the derivative contract. 440See the definition of Investment Grade in the  capital rule.",0.5047648549079895
"“capital and liquidity levels at our largest, most systemically importa nt banks are at multi-decade highs,” ","64302 Federal Register / Vol. 88, No. 179 / Monday, September 18, 2023 / Proposed Rules  significant investments in the capital of  an unconsolidated financial institution and, if applicable, any investments in a covered debt instrument subject to deduction under this paragraph (c)(5), exceeding the 10 percent threshold for non-significant investments, multiplied by  (B) The ratio of the national bank’s or  Federal savings association’s aggregate non-significant investments in the capital of an unconsolidated financial institution (in the form of such capital component) to the national bank’s or Federal savings association’s total non- significant investments in unconsolidated financial institutions, with an investment in a covered debt instrument being treated as tier 2 capital for this purpose.  ",0.5043447613716125
"Sent: Thursday, October 19, 2023 1:31 PM","64172 Federal Register / Vol. 88, No. 179 / Monday, September 18, 2023 / Proposed Rules   477See 78 FR 62018 (October 11, 2013).  ",0.5034829378128052
proposed rule changes that would in crease capital requirements for banks in the United States. The proposal ,"64342 Federal Register / Vol. 88, No. 179 / Monday, September 18, 2023 / Proposed Rules  ■a. Revise paragraph (c);  ■b. Remove and reserve paragraph (f);  and  ■c. Revise paragraph (g).   The revisions read as follows:  § 324.401 Authority, purpose, scope, other  supervisory authority, disclosure of capital categories, and transition procedures.  ",0.5023436546325684
proposed rule changes that would in crease capital requirements for banks in the United States. The proposal ,"64165 Federal Register / Vol. 88, No. 179 / Monday, September 18, 2023 / Proposed Rules  456Note that this definition of S bdiffers from the  one used in the sensitivities-based method for market risk, where the floor and the cap apply only when the quantity under the square root in the  aggregation formula is negative. to the non-securitization credit spread  risk class in the sensitivities-based method for market risk, the intra-bucket correlations, r kl, proposed for the  counterparty credit spread risk class  would be equal to the product of three correlation parameters.",0.5007655620574951
