"who look to banks to obtain the capital they need to get them started. However, this strategy could ","64148 Federal Register / Vol. 88, No. 179 / Monday, September 18, 2023 / Proposed Rules  422The agencies would expect a banking  organization to have sound internal capital  assessment processes which would include, but not be limited to, identification of capital adequacy goals with respect to risks, taking into account the strategic focus and business plan of the banking organization, risk identification, measurement, and documentation, as well as a process of internal controls, reviews and audits. the cash leg of the transaction could opt  into this treatment.",0.6578476428985596
I am writing to express my concerns about the proposed bank regulatory c apital requirements that ,"64078 Federal Register / Vol. 88, No. 179 / Monday, September 18, 2023 / Proposed Rules  162Consistent with the current capital rule, under  the proposal, an equity exposure to an investment  firm that is treated as a traditional securitization would be subject to due diligence requirements. If a banking organization is unable to demonstrate to the satisfaction of the primary Federal supervisor a comprehensive understanding of the features of an equity exposure that would materially affect the performance of the exposure, the proposal would require the banking organization to assign a risk weight of 1,250 percent to the equity exposure to the investment firm.  ",0.6287579536437988
I am writing to express my concerns about the proposed bank regulatory c apital requirements that ,"64035 Federal Register / Vol. 88, No. 179 / Monday, September 18, 2023 / Proposed Rules  27Initially, the Board did not incorporate the  stress capital buffer requirement into the advanced  approaches capital conservation buffer requirement owing to the complexity involved in doing so.   28The Board’s Stress Testing Policy Statement  includes an assumption that the magnitude of a banking organization’s balance sheet will be fixed throughout the projection horizon under the supervisory stress test.",0.6212257146835327
I am writing to express my concerns about the proposed bank regulatory c apital requirements that ,"64148 Federal Register / Vol. 88, No. 179 / Monday, September 18, 2023 / Proposed Rules  422The agencies would expect a banking  organization to have sound internal capital  assessment processes which would include, but not be limited to, identification of capital adequacy goals with respect to risks, taking into account the strategic focus and business plan of the banking organization, risk identification, measurement, and documentation, as well as a process of internal controls, reviews and audits. the cash leg of the transaction could opt  into this treatment.",0.620013415813446
I am writing to express my concerns about the proposed bank regulatory c apital requirements that ,"64219 Federal Register / Vol. 88, No. 179 / Monday, September 18, 2023 / Proposed Rules  (b) Risk management-related  disclosure requirements. (1) The  [BANKING ORGANIZATION] must describe its risk management objectives and policies for the organization overall, in particular:  (i) How the business model  determines and interacts with the overall risk profile (e.g., the key risks  related to the business model and how each of these risks is reflected and described in the risk disclosures) and how the risk profile of the [BANKING ORGANIZATION] interacts with the risk tolerance approved by the board;  (ii) The risk governance structure,  including: responsibilities attributed throughout the [BANKING ORGANIZATION]",0.6149609684944153
I am writing to express my concerns about the proposed bank regulatory c apital requirements that ,"64276 Federal Register / Vol. 88, No. 179 / Monday, September 18, 2023 / Proposed Rules  covered savings and loan holding  company that is a banking organization as defined in 12 CFR 238.2, or a depository institution that is subject to these requirements or of a non-U.S. banking organization that is subject to comparable public disclosure requirements in its home jurisdiction is not required to make the disclosures required by paragraph (f) of this section.   (b) Timing.",0.6056919693946838
I am writing to express my concerns about the proposed bank regulatory c apital requirements that ,"64074 Federal Register / Vol. 88, No. 179 / Monday, September 18, 2023 / Proposed Rules  147While the proposal would require banking  organizations that are not subject to the proposed  market risk capital framework to calculate risk- weighted assets for all publicly traded equity exposures under the proposed equity framework, such entities typically do not have material equity exposures.   148See §ll.202 for the proposed definition of  market risk covered position.",0.5878363847732544
I am writing to express my concerns about the proposed bank regulatory c apital requirements that ,"64239 Federal Register / Vol. 88, No. 179 / Monday, September 18, 2023 / Proposed Rules  (c) Treatment of hybrid instruments in  the standardized approach capital  requirement. For purposes of calculating  the standardized approach capital requirement, a [BANKING ORGANIZATION] must assign risk sensitivities of hybrid instruments into the applicable risk classes such as interest rate, credit spread, and equity risk for calculating the delta, vega, and curvature capital requirements.",0.5815839767456055
I am writing to express my concerns about the proposed bank regulatory c apital requirements that ,"64063 Federal Register / Vol. 88, No. 179 / Monday, September 18, 2023 / Proposed Rules  120See Basel Committee, ‘‘Strengthening the  resilience of the banking sector—consultative  document,’’ December 2009; https://www.bis.org/ publ/bcbs164.pdf. 121If the mutual fund qualifies for the full look-  through approach described in section III.E.1.c.ii of this  SUPPLEMENTARY INFORMATION but would be  treated as a market risk covered position as described in section III.H.3 of this  SUPPLEMENTARY   INFORMATION if the banking organization held the  mutual fund directly, the banking organization is permitted to apply the alternative method to calculate the haircut.",0.5791073441505432
I am writing to express my concerns about the proposed bank regulatory c apital requirements that ,"64095 Federal Register / Vol. 88, No. 179 / Monday, September 18, 2023 / Proposed Rules  236The proposal would define customer and  proprietary broker-dealer reserve bank accounts as  segregated accounts established by a subsidiary of a banking organization that fulfill the requirements of 17 CFR 240.15c3–3 (SEC Rule 15c3–3) or 17 CFR 1.20 (CFTC Regulation 1.20).   237See 84 FR 59230, 59249 (November 1, 2019).",0.5762534141540527
financial advisors have indicated that raising bank capital requirements is an unnecessary step that ,"64037 Federal Register / Vol. 88, No. 179 / Monday, September 18, 2023 / Proposed Rules  38For banking organizations that are not subject  to Category I or II capital standards, the current  capital rule does not have distinct treatments for significant and nonsignificant investments in the capital of unconsolidated financial institutions.",0.5672388076782227
I am writing to express my concerns about the proposed bank regulatory c apital requirements that ,"64073 Federal Register / Vol. 88, No. 179 / Monday, September 18, 2023 / Proposed Rules  144If the banking organization is an originating  banking organization with respect to the NPL  securitization, the banking organization may maintain risk-based capital against the transferred exposures as if they had not been securitized and must deduct from common equity tier 1 capital any after-tax gain-on-sale resulting from the transaction and any portion of a CEIO strip that does not constitute an after-tax gain-on-sale.  ",0.5621821880340576
I am writing to express my concerns about the proposed bank regulatory c apital requirements that ,"64185 Federal Register / Vol. 88, No. 179 / Monday, September 18, 2023 / Proposed Rules  of the depository institution, foreign  bank, or credit union, and;  (ii) If applicable, the capital ratio  requirements for the well capitalized capital category under the regulations of the appropriate Federal banking agency implementing 12 U.S.C. 1831o or under similar regulations of the National Credit Union Administration.   (2) Notwithstanding paragraph (1) of  this definition, an exposure is not a Grade A bank exposure if:  (i) The capital ratios for the  depository institution, foreign bank, or credit union have not been publicly disclosed within the previous 6 months;  (ii) The external auditor of the  depository institution, foreign bank, or credit union has issued an adverse audit opinion or has expressed substantial doubt about the ability of the depository institution, foreign bank, or credit union to continue as a going concern within the previous 12 months; or  (iii) For a foreign bank, the capital  standards imposed by the home country supervisor on the foreign bank are not consistent with the Capital Accord of the Basel Committee on Banking Supervision.  ",0.5606728792190552
I am writing to express my concerns about the proposed bank regulatory c apital requirements that ,"64226 Federal Register / Vol. 88, No. 179 / Monday, September 18, 2023 / Proposed Rules  (c) Regulatory capital instrument and  other instruments eligible for total loss  absorbing capacity (TLAC) disclosures. (1) A [BANKING ORGANIZATION] described in § ll.160 must provide a  description of the main features of its regulatory capital instruments, in accordance with Table 15 of this section.",0.5603238940238953
I am writing to express my concerns about the proposed bank regulatory c apital requirements that ,"64326 Federal Register / Vol. 88, No. 179 / Monday, September 18, 2023 / Proposed Rules  the covered savings and loan holding  company by regulation or order, including, as applicable, any regulatory capital ratios calculated under 12 CFR part 217 and the deductions required under 12 CFR 248.12.   * *",0.5596045255661011
I am writing to express my concerns about the proposed bank regulatory c apital requirements that ,"64162 Federal Register / Vol. 88, No. 179 / Monday, September 18, 2023 / Proposed Rules  452For delta risk, a credit or equity index would  be qualified if it is listed and well-diversified; for  vega risk, any credit or equity index would be qualified. If a banking organization chooses to introduce such additional risk factors, the banking organization would be required to calculate CVA sensitivities to the qualified index risk factors in addition to sensitivities to the non-index risk factors.  ",0.5596001148223877
I am writing to express my concerns about the proposed bank regulatory c apital requirements that ,"64075 Federal Register / Vol. 88, No. 179 / Monday, September 18, 2023 / Proposed Rules  151Consistent with the current capital rule, the  proposal would allow a banking organization to  choose not to hold risk-based capital against the counterparty credit risk of equity derivative contracts, as long as it does so for all such contracts. Where the equity derivative contracts are subject to a qualified master netting agreement, the proposal would require the banking organization to either include all or exclude all of the contracts from any measure used to determine counterparty credit risk exposure.",0.558239758014679
I am writing to express my concerns about the proposed bank regulatory c apital requirements that ,"64177 Federal Register / Vol. 88, No. 179 / Monday, September 18, 2023 / Proposed Rules  internal models. Section  ll.212(b)(2)(i) of the market risk rule requires a banking organization that is subject to the market risk capital requirements to obtain the prior written approval of the primary Federal supervisor before using any internal model to calculate its risk-based capital requirements.  ",0.557684600353241
I am writing to express my concerns about the proposed bank regulatory c apital requirements that ,"64058 Federal Register / Vol. 88, No. 179 / Monday, September 18, 2023 / Proposed Rules  109See 12 CFR 3.132(c)(5)(vi) (OCC); 12 CFR  217.132(c)(5)(vi) (Board); 12 CFR 324.132(c)(5)(vi)  (FDIC). 110Consistent with the current capital rule, the  proposal would not require banking organizations to recognize any instrument as a credit risk mitigant.",0.5573755502700806
"would do more harm than good. U.S. banks are already “very strong, well-capitalized, [and] highly ","64083 Federal Register / Vol. 88, No. 179 / Monday, September 18, 2023 / Proposed Rules  178Recent research connecting operational risk to  higher business volume includes Frame, McLemore,  and Mihov (2020), Haste Makes Waste: Banking Organization Growth and Operational Risk, Federal Reserve Bank of Dallas, https://www.dallasfed.org/ research/papers/2020/wp2023; Curti, Frame, and  Mihov (2019), Are the Largest Banking Organizations Operationally More Risky?, Journal of Money, Credit and Banking Vol. 54, Issue 5, 1223– 1259, https://doi.org/10.1111/jmcb.12933; and  Abdymomunov and Curti (2020),",0.5561617016792297
I am writing to express my concerns about the proposed bank regulatory c apital requirements that ,"64112 Federal Register / Vol. 88, No. 179 / Monday, September 18, 2023 / Proposed Rules  301See sections III.H.6.c and III.H.6.d of this  SUPPLEMENTARY INFORMATION for a more detailed  discussion on the fallback capital requirement and  the capital add-on requirement for re-designations, respectively. 302Under the proposal, a banking organization  would have to separately calculate the potential  losses arising from the position’s sensitivity to  changes in interest rates and changes in the issuer’s credit spread.  ",0.5556253790855408
I am writing to express my concerns about the proposed bank regulatory c apital requirements that ,"64140 Federal Register / Vol. 88, No. 179 / Monday, September 18, 2023 / Proposed Rules  400Under the proposal, a banking organization  that has elected to use the direct approach would select the relevant stress period using the full set  of modellable risk factors, while that using the indirect approach would use the reduced set of risk factors to select the stress period.",0.5500136613845825
"who look to banks to obtain the capital they need to get them started. However, this strategy could ","64037 Federal Register / Vol. 88, No. 179 / Monday, September 18, 2023 / Proposed Rules  38For banking organizations that are not subject  to Category I or II capital standards, the current  capital rule does not have distinct treatments for significant and nonsignificant investments in the capital of unconsolidated financial institutions.",0.5442454218864441
"who look to banks to obtain the capital they need to get them started. However, this strategy could ","64073 Federal Register / Vol. 88, No. 179 / Monday, September 18, 2023 / Proposed Rules  144If the banking organization is an originating  banking organization with respect to the NPL  securitization, the banking organization may maintain risk-based capital against the transferred exposures as if they had not been securitized and must deduct from common equity tier 1 capital any after-tax gain-on-sale resulting from the transaction and any portion of a CEIO strip that does not constitute an after-tax gain-on-sale.  ",0.5416028499603271
I am writing to express my concerns about the proposed bank regulatory c apital requirements that ,"64188 Federal Register / Vol. 88, No. 179 / Monday, September 18, 2023 / Proposed Rules  unconditionally guaranteed by the FDIC  or the National Credit Union Administration.   (ii) A [BANKING ORGANIZATION]  must assign a 20 percent risk weight to the portion of an exposure that is conditionally guaranteed by the U.S. government, its central bank, or a U.S.  government agency.",0.5377463102340698
"who look to banks to obtain the capital they need to get them started. However, this strategy could ","64030 Federal Register / Vol. 88, No. 179 / Monday, September 18, 2023 / Proposed Rules  1The term ‘‘banking organizations’’ includes  national banks, state member banks, state  nonmember banks, Federal savings associations, state savings associations, top-tier bank holding companies domiciled in the United States not subject to the Board’s Small Bank Holding Company and Savings and Loan Holding Company  Policy Statement (12 CFR part 225, appendix C), U.S. intermediate holding companies of foreign banking organizations, and top-tier savings and loan holding companies domiciled in the United States, except for certain savings and loan holding companies that are substantially engaged in insurance underwriting or commercial activities and savings and loan holding companies that are subject to the Small Bank Holding Company and Savings and Loan Holding Company Policy Statement.  ",0.5371522903442383
I am writing to express my concerns about the proposed bank regulatory c apital requirements that ,"64229 Federal Register / Vol. 88, No. 179 / Monday, September 18, 2023 / Proposed Rules  regulated institution, or Category IV  Board-regulated institution; or it is no longer a U.S. intermediate holding company that is a Category II Board- regulated institution, a Category III Board-regulated institution, or Category IV Board-regulated institution, as applicable, and the [BANKING ORGANIZATION] provides notice to the [AGENCY].   (ii) A [BANKING ORGANIZATION]  that meets the standard in paragraph (b)(2) of this section shall remain subject to the relevant requirements of this subpart F unless and until it no longer meets the standard in paragraph (b)(2) of this section for each of four consecutive quarters as reported in the [BANKING ORGANIZATION]’s",0.5328694581985474
financial advisors have indicated that raising bank capital requirements is an unnecessary step that ,"64110 Federal Register / Vol. 88, No. 179 / Monday, September 18, 2023 / Proposed Rules  293See section III.H.6.d of this SUPPLEMENTARY   INFORMATION for a more detailed discussion of the  capital add-on for re-designations. 294Separate capital calculations could  unnecessarily increase capital requirement because  they ignore the offsetting benefits between market risk covered positions held by trading desks subject to the internal models approach and those held by trading desks subject to the standardized approach.",0.5321307182312012
I am writing to express my concerns about the proposed bank regulatory c apital requirements that ,"64319 Federal Register / Vol. 88, No. 179 / Monday, September 18, 2023 / Proposed Rules  unconsolidated financial institutions for  a Board-regulated institution subject to subpart E of this part (as described in paragraph (c)(6) of this section). Under the corresponding deduction approach, a Board-regulated institution must make deductions from the component of capital for which the underlying instrument would qualify if it were issued by the Board-regulated institution itself, as described in paragraphs (c)(2)(i) through (iii) of this section.",0.5320941209793091
financial advisors have indicated that raising bank capital requirements is an unnecessary step that ,"64035 Federal Register / Vol. 88, No. 179 / Monday, September 18, 2023 / Proposed Rules  27Initially, the Board did not incorporate the  stress capital buffer requirement into the advanced  approaches capital conservation buffer requirement owing to the complexity involved in doing so.   28The Board’s Stress Testing Policy Statement  includes an assumption that the magnitude of a banking organization’s balance sheet will be fixed throughout the projection horizon under the supervisory stress test.",0.5302878022193909
regulation that seeks to raise capital r equirements for banks is put into place. ,"64148 Federal Register / Vol. 88, No. 179 / Monday, September 18, 2023 / Proposed Rules  422The agencies would expect a banking  organization to have sound internal capital  assessment processes which would include, but not be limited to, identification of capital adequacy goals with respect to risks, taking into account the strategic focus and business plan of the banking organization, risk identification, measurement, and documentation, as well as a process of internal controls, reviews and audits. the cash leg of the transaction could opt  into this treatment.",0.5297907590866089
I am writing to express my concerns about the proposed bank regulatory c apital requirements that ,"64104 Federal Register / Vol. 88, No. 179 / Monday, September 18, 2023 / Proposed Rules  276Under the proposal, these requirements would  generally not apply to any notional trading desk,  except those with prior approval from the primary Federal supervisor to use the internal models approach.   277Under the proposal, the business strategy must  include regular reports on the revenue, costs and market risk capital requirements of the trading desk.  ",0.5292008519172668
I am writing to express my concerns about the proposed bank regulatory c apital requirements that ,"64057 Federal Register / Vol. 88, No. 179 / Monday, September 18, 2023 / Proposed Rules  10712 CFR 3.133(c)(4)(i) (OCC); 12 CFR  217.133(c)(4)(i) (Board); 12 CFR 324.133(c)(4)(i)  (FDIC).   108For the supervisory delta adjustment, a  banking organization applies a positive sign to the derivative contract amount if the derivative contract  is long the risk factor and a negative sign if the derivative contract is short the risk factor.",0.528536856174469
I am writing to express my concerns about the proposed bank regulatory c apital requirements that ,"64306 Federal Register / Vol. 88, No. 179 / Monday, September 18, 2023 / Proposed Rules  (b) Expanded total risk-weighted  assets. Beginning July 1, 2025, a  national bank or Federal savings  association subject to subpart E of this part must comply with the requirements of subpart B of this part using transition expanded total risk-weighted assets as calculated under this paragraph in place of expanded total risk-weighted assets.",0.5280763506889343
I am writing to express my concerns about the proposed bank regulatory c apital requirements that ,"64168 Federal Register / Vol. 88, No. 179 / Monday, September 18, 2023 / Proposed Rules  461For credit risk revisions, almost all banking  organizations subject to Category I or II capital  standards, as well as two banking organizations subject to Category III capital standards, report their estimated impacts. For market risk revisions, only the top trading firms report their estimated impacts.  ",0.5276250839233398
"Sent: Wednesday, October 11, 2023 2:19 PM","64337 Federal Register / Vol. 88, No. 179 / Monday, September 18, 2023 / Proposed Rules  purposes of this paragraph (f).  ",0.5259373784065247
I am writing to express my concerns about the proposed bank regulatory c apital requirements that ,"64166 Federal Register / Vol. 88, No. 179 / Monday, September 18, 2023 / Proposed Rules  457For example, the SA–CVA calculation does  not fully account for the dependence between the  banking organization’s exposure to a counterparty and the counterparty’s credit quality.   458Any banking organization not subject to  Category I, II, III, or IV standards that becomes subject to Category I, II, III, or IV standards during the proposed transition period, would be eligible for the remaining time that the transition provisions  provide.",0.525333046913147
I am writing to express my concerns about the proposed bank regulatory c apital requirements that ,"64315 Federal Register / Vol. 88, No. 179 / Monday, September 18, 2023 / Proposed Rules  making such a determination, the Board  will consider the nature and extent of the request and the particular circumstances giving rise to the request.   (v) Additional limitations on  distributions may apply under 12 CFR  225.4 and 263.202 to a Board-regulated institution that is not subject to 12 CFR 225.8 or 238.170.  ",0.5248739123344421
I am writing to express my concerns about the proposed bank regulatory c apital requirements that ,"64040 Federal Register / Vol. 88, No. 179 / Monday, September 18, 2023 / Proposed Rules  56Overdrafts are past due and are considered  defaulted exposures once the obligor has breached  an advised limit or been advised of a limit smaller than the current outstanding balance. 57Under § ll.2 of the current capital rule,  investment grade means that the entity to which the  banking organization is exposed through a loan or  security, or the reference entity with respect to a credit derivative, has adequate capacity to meet financial commitments for the projected life of the asset or exposure.",0.5245463252067566
I am writing to express my concerns about the proposed bank regulatory c apital requirements that ,"64094 Federal Register / Vol. 88, No. 179 / Monday, September 18, 2023 / Proposed Rules   233As the standardized approach is less risk-  sensitive than the internal models approach, to the  extent that the capital requirement under the internal models approach exceeds that under the  standardized approach for model-eligible desks, the proposal would require this difference to be reflected in the aggregate capital requirement under  the models-based measure for market risk.  ",0.5200848579406738
I am writing to express my concerns about the proposed bank regulatory c apital requirements that ,"64091 Federal Register / Vol. 88, No. 179 / Monday, September 18, 2023 / Proposed Rules  212See section III.C.5 of this SUPPLEMENTARY   INFORMATION for a more detailed discussion on the  types of credit risk mitigants that a banking  organization would be allowed to recognize for  purposes of calculating risk-based capital requirements.  ",0.5197653770446777
I am writing to express my concerns about the proposed bank regulatory c apital requirements that ,"64301 Federal Register / Vol. 88, No. 179 / Monday, September 18, 2023 / Proposed Rules  the national bank or Federal savings  association is not subject to subpart E of this part.   (iii) With respect to a national bank or  Federal savings association that is not subject to subpart E, each of its subsidiary banking organizations that is subject to regulatory capital requirements issued by the Board of Governors of the Federal Reserve, the Federal Deposit Insurance Corporation, or the Office of the Comptroller of the Currency 1must elect the same option as  the national bank or Federal savings association pursuant to this paragraph (b)(2).  ",0.5197138786315918
I am writing to express my concerns about the proposed bank regulatory c apital requirements that ,"64033 Federal Register / Vol. 88, No. 179 / Monday, September 18, 2023 / Proposed Rules  21The proposed methodology for determining  market risk-weighted assets, in certain instances,  would require a banking organization that is subject to subpart E to apply risk weights from subpart D for purposes of determining its standardized total risk-weighted assets and from subpart E for purposes of determining its expanded total risk- weighted assets.",0.5189563632011414
I am writing to express my concerns about the proposed bank regulatory c apital requirements that ,"64132 Federal Register / Vol. 88, No. 179 / Monday, September 18, 2023 / Proposed Rules  379Prices from a transaction or quote processed  through a trading platform or exchange would  satisfy this requirement for purposes of the proposed definition of real price.   380Banking organizations must ensure that  exchanges of price information among competitors or with third parties are not likely to include acts or omissions that could result in a violation of Federal antitrust laws, including the Sherman Act, 15 U.S.C. 1 et seq., and the Federal Trade Commission Act, 15 U.S.C. 41 et seq.  ",0.5186975002288818
regulation that seeks to raise capital r equirements for banks is put into place. ,"64319 Federal Register / Vol. 88, No. 179 / Monday, September 18, 2023 / Proposed Rules  unconsolidated financial institutions for  a Board-regulated institution subject to subpart E of this part (as described in paragraph (c)(6) of this section). Under the corresponding deduction approach, a Board-regulated institution must make deductions from the component of capital for which the underlying instrument would qualify if it were issued by the Board-regulated institution itself, as described in paragraphs (c)(2)(i) through (iii) of this section.",0.5184856653213501
I am writing to express my concerns about the proposed bank regulatory c apital requirements that ,"64314 Federal Register / Vol. 88, No. 179 / Monday, September 18, 2023 / Proposed Rules  (B) The amount of funds in deposit  accounts at the custodial banking  organization that are linked to fiduciary or custodial and safekeeping accounts at the custodial banking organization.",0.5180474519729614
"Sent: Wednesday, October 11, 2023 2:19 PM","64172 Federal Register / Vol. 88, No. 179 / Monday, September 18, 2023 / Proposed Rules   477See 78 FR 62018 (October 11, 2013).  ",0.5172657370567322
I am writing to express my concerns about the proposed bank regulatory c apital requirements that ,"64325 Federal Register / Vol. 88, No. 179 / Monday, September 18, 2023 / Proposed Rules  BILLING CODE 6210–01–C; 6714–01–C; 4810–33–C  PART 225—BANK HOLDING  COMPANIES AND CHANGE IN BANK CONTROL (REGULATION Y)  ■62. The authority citation for part 225  continues to read as follows:  Authority: 12 U.S.C. 1817(j)(13), 1818,  1828(o), 1831i, 1831p–1, 1843(c)(8), 1844(b),  1972(1), 3106, 3108, 3310, 3331–3351, 3906, 3907, and 3909; 15 U.S.C. 1681s, 1681w, 6801, and 6805.  ",0.5168266892433167
"Sent: Wednesday, October 11, 2023 2:19 PM","64300 Federal Register / Vol. 88, No. 179 / Monday, September 18, 2023 / Proposed Rules  (d) *",0.5162337422370911
I am writing to express my concerns about the proposed bank regulatory c apital requirements that ,"64066 Federal Register / Vol. 88, No. 179 / Monday, September 18, 2023 / Proposed Rules  125For a given security or cash, a banking  organization may collect the security or cash in one  transaction and post it in another. Thus, at the portfolio level, the banking organization may, after netting across all transactions in the same portfolio, be either collecting the security or cash (that is, net borrowed) or posting the security or cash (that is,  net lent).",0.5149250030517578
regulation that seeks to raise capital r equirements for banks is put into place. ,"64073 Federal Register / Vol. 88, No. 179 / Monday, September 18, 2023 / Proposed Rules  144If the banking organization is an originating  banking organization with respect to the NPL  securitization, the banking organization may maintain risk-based capital against the transferred exposures as if they had not been securitized and must deduct from common equity tier 1 capital any after-tax gain-on-sale resulting from the transaction and any portion of a CEIO strip that does not constitute an after-tax gain-on-sale.  ",0.5146731734275818
I am writing to express my concerns about the proposed bank regulatory c apital requirements that ,"64053 Federal Register / Vol. 88, No. 179 / Monday, September 18, 2023 / Proposed Rules  Question 34: What, if any, additional  criteria or alternatives should the  agencies consider to help ensure that the regulatory retail treatment is limited to a group of diversified retail obligors?",0.5145710110664368
I am writing to express my concerns about the proposed bank regulatory c apital requirements that ,"64228 Federal Register / Vol. 88, No. 179 / Monday, September 18, 2023 / Proposed Rules  BILLING CODE 6210–01–C; 6714–01–C; 4810–33–C  Subpart F—Risk-Weighted Assets—  Market Risk and Credit Valuation Adjustment (CVA)  §ll.201 Purpose, applicability, and  reservations of authority.   (a) Purpose.",0.5131568312644958
I am writing to express my concerns about the proposed bank regulatory c apital requirements that ,"64327 Federal Register / Vol. 88, No. 179 / Monday, September 18, 2023 / Proposed Rules  Subpart N—Enhanced Prudential  Standards for Foreign Banking Organizations With Total Consolidated Assets of $100 Billion or More and Combined U.S. Assets of Less Than $100 Billion  ■77. In § 252.147, revise paragraph  (e)(1)(i) to read as follows:  § 252.147 U.S. intermediate holding  company requirement for foreign banking organizations with combined U.S. assets of less than $100 billion and U.S. non-branch assets of $50 billion or more.  ",0.513094961643219
I am writing to express my concerns about the proposed bank regulatory c apital requirements that ,"64250 Federal Register / Vol. 88, No. 179 / Monday, September 18, 2023 / Proposed Rules  BILLING CODE 6210–01–C; 6714–01–C; 4810–33–C  (iii) For purposes of aggregating risk  weighted delta sensitivities of credit  spread risk for non-securitizations within a bucket as specified in §ll.206(b)(2), a [BANKING  ORGANIZATION] must use the following correlation parameters: (A) For buckets 1 to 16, the  correlation parameter r klbetween risk  weighted delta sensitivities WS kand  WS lequals:  ρkl= ρkl(name) × ρkl(tenor) × ρkl(basis)   where, (1)ρ kl(name) equals 100 percent if the  two names of the delta sensitivities to  risk factors k and l are identical, and 35  percent otherwise;  (2) ρkl(tenor) equals 100 percent if the  two tenors of the delta sensitivities to  VerDate Sep<11>2014 21:37 Sep 15, 2023 Jkt 259001 PO 00000 Frm 00224 Fmt 4701 Sfmt 4702 E:\FR\FM\18SEP2.SGM 18SEP2 EP18SE23.120</GPH>lotter on DSK11XQN23PROD with PROPOSALS2",0.5128268599510193
I am writing to express my concerns about the proposed bank regulatory c apital requirements that ,"64100 Federal Register / Vol. 88, No. 179 / Monday, September 18, 2023 / Proposed Rules  265The proposal would not require banking  organizations to purchase the hedge from a third  party for such transactions to qualify as an internal risk transfer. 266As the trading desk segments of eligible  internal risk transfers of interest rate risk would be market risk covered positions, to the extent a trading desk enters into external hedges to mitigate the risk of such positions, the external hedge would also be subject to the market risk capital rule and could in whole or in part offset the market risk of the eligible internal risk transfer.",0.5126466751098633
I am writing to express my concerns about the proposed bank regulatory c apital requirements that ,"64171 Federal Register / Vol. 88, No. 179 / Monday, September 18, 2023 / Proposed Rules  dealers. For evidence that bank dealers commit less  capital to market-making activities, see Bessembinder, H., S. Jacobsen, W. Maxwell, and K. Venkataraman, 2018, ‘‘Capital Commitment and Illiquidity in Corporate Bonds,’’ Journal of Finance 73(4): 1615–1661, although this paper confirms that postcrisis transaction costs have not increased materially.",0.5125207304954529
I am writing to express my concerns about the proposed bank regulatory c apital requirements that ,"64206 Federal Register / Vol. 88, No. 179 / Monday, September 18, 2023 / Proposed Rules  BILLING CODE 6210–01–C; 6714–01–C; 4810–33–C  (B) For currency mismatches, a  [BANKING ORGANIZATION] must use  a haircut for foreign exchange rate volatility (H fx) of 8 percent, as adjusted  in certain circumstances under paragraphs (c)(2)(iii)(C) and (D) of this section.   (C)",0.5122155547142029
I am writing to express my concerns about the proposed bank regulatory c apital requirements that ,"64135 Federal Register / Vol. 88, No. 179 / Monday, September 18, 2023 / Proposed Rules  390As discussed in section III.H.8.a.ii. I of this  SUPPLEMENTARY INFORMATION , a banking  organization may elect to either use (1) the full set  of risk factors employed by its internal risk management models and directly calculate the daily expected shortfall measure under the selected twelve-month period of stress or (2) an appropriate subset of modellable risk factors to estimate the potential losses that would be incurred throughout the selected stress period, which would require the banking organization to estimate a daily expected shortfall measure for both the current and stress period.  ",0.511609673500061
"who look to banks to obtain the capital they need to get them started. However, this strategy could ","64066 Federal Register / Vol. 88, No. 179 / Monday, September 18, 2023 / Proposed Rules  125For a given security or cash, a banking  organization may collect the security or cash in one  transaction and post it in another. Thus, at the portfolio level, the banking organization may, after netting across all transactions in the same portfolio, be either collecting the security or cash (that is, net borrowed) or posting the security or cash (that is,  net lent).",0.5110647082328796
I am writing to express my concerns about the proposed bank regulatory c apital requirements that ,"64146 Federal Register / Vol. 88, No. 179 / Monday, September 18, 2023 / Proposed Rules  414As described in more detail in section III.H.6.c  of this SUPPLEMENTARY INFORMATION , the fallback  capital requirement would apply in instances where  a banking organization is unable to apply the  internal models approach and the standardized approach to calculate market risk capital requirements.",0.5096081495285034
I am writing to express my concerns about the proposed bank regulatory c apital requirements that ,"64034 Federal Register / Vol. 88, No. 179 / Monday, September 18, 2023 / Proposed Rules  2212 CFR 3.11 (OCC); 12 CFR 217.11 (Board); 12  CFR 324.11 (FDIC).   2312 CFR 225.8 (bank holding companies and  U.S. intermediate holding companies of foreign  banking organizations); 12 CFR 238.170 (savings and loan holding companies).",0.5093863606452942
I am writing to express my concerns about the proposed bank regulatory c apital requirements that ,"64116 Federal Register / Vol. 88, No. 179 / Monday, September 18, 2023 / Proposed Rules  313Banking organizations would be required to  have a prudent valuation process, including the  independent validations of the valuation models used in the standardized approach.  ",0.5089380741119385
I am writing to express my concerns about the proposed bank regulatory c apital requirements that ,"64111 Federal Register / Vol. 88, No. 179 / Monday, September 18, 2023 / Proposed Rules  298The respective components of the  standardized approach capital requirement are the  sensitivities-based method capital requirement, the standardized default risk capital requirement, and the residual risk add-on.   299The respective components of IMA totalare:  IMA G,A, SA U, SA all desks , SA G,A, SA i(as part of the  PLA add-on calculation), the capital add-on for certain securitization and correlation trading positions or equity positions in an investment fund on model-eligible trading desks, and any additional capital requirement established by the primary Federal supervisor.",0.5077601075172424
I am writing to express my concerns about the proposed bank regulatory c apital requirements that ,"64136 Federal Register / Vol. 88, No. 179 / Monday, September 18, 2023 / Proposed Rules  393The proposal would also require banking  organizations to calculate a daily expected shortfall-  based measure at the trading desk level for the purposes of backtesting and PLA testing to determine whether a model-eligible trading desk is subject to the PLA add-on. See sections III.H.8.b  and III.H.8.c of this  SUPPLEMENTARY INFORMATION for  further discussion.",0.5068792700767517
I am writing to express my concerns about the proposed bank regulatory c apital requirements that ,"64294 Federal Register / Vol. 88, No. 179 / Monday, September 18, 2023 / Proposed Rules  jurisdictional liabilities, calculated in  accordance with the instructions to the FR Y–15 or equivalent reporting form.   (3) After meeting the criteria in  paragraph (2) of this definition, a national bank or Federal savings association continues to be a Category II national bank or Federal savings association until the national bank or Federal savings association has:  (i) Less than $700 billion in total  consolidated assets, as reported on the  Call Report, for each of the four most recent calendar quarters; and  (ii)(A) Less than $75 billion in cross-  jurisdictional activity for each of the four most recent calendar quarters.",0.5060318112373352
"would do more harm than good. U.S. banks are already “very strong, well-capitalized, [and] highly ","64037 Federal Register / Vol. 88, No. 179 / Monday, September 18, 2023 / Proposed Rules  38For banking organizations that are not subject  to Category I or II capital standards, the current  capital rule does not have distinct treatments for significant and nonsignificant investments in the capital of unconsolidated financial institutions.",0.5053471922874451
I am writing to express my concerns about the proposed bank regulatory c apital requirements that ,"64190 Federal Register / Vol. 88, No. 179 / Monday, September 18, 2023 / Proposed Rules  BILLING CODE 6210–01–C; 6714–01–C; 4810–33–C  (4) Exposures to PSEs from an OECD  member sovereign with no CRC. (i) A  [BANKING ORGANIZATION] must assign a 20 percent risk weight to a general obligation exposure to a PSE whose home country is an OECD member sovereign with no CRC.  ",0.5048924088478088
I am writing to express my concerns about the proposed bank regulatory c apital requirements that ,"64203 Federal Register / Vol. 88, No. 179 / Monday, September 18, 2023 / Proposed Rules  after counterparty delivery was due, the  [BANKING ORGANIZATION] must assign a 1,250 percent risk weight to the current fair value of the deliverables owed to the [BANKING ORGANIZATION].   (f) Total risk-weighted assets for  unsettled transactions.",0.5041936039924622
regulation that seeks to raise capital r equirements for banks is put into place. ,"64078 Federal Register / Vol. 88, No. 179 / Monday, September 18, 2023 / Proposed Rules  162Consistent with the current capital rule, under  the proposal, an equity exposure to an investment  firm that is treated as a traditional securitization would be subject to due diligence requirements. If a banking organization is unable to demonstrate to the satisfaction of the primary Federal supervisor a comprehensive understanding of the features of an equity exposure that would materially affect the performance of the exposure, the proposal would require the banking organization to assign a risk weight of 1,250 percent to the equity exposure to the investment firm.  ",0.5039132237434387
I am writing to express my concerns about the proposed bank regulatory c apital requirements that ,"64124 Federal Register / Vol. 88, No. 179 / Monday, September 18, 2023 / Proposed Rules  357The proposal would require a banking  organization to apply the highest risk weight that  is applicable under the investment limits of an equity position in an investment fund that may invest in primarily high-yield or distressed names under the fund’s mandate by first applying the highest risk weight that is applicable under the fund’s investment limits to defaulted instruments, followed by sub-speculative grade, then speculative grade, then investment grade securities. A banking organization may not recognize any offsetting or diversification benefit when calculating the average risk weight of the fund.",0.5035223364830017
"Sent: Wednesday, October 11, 2023 2:19 PM","64158 Federal Register / Vol. 88, No. 179 / Monday, September 18, 2023 / Proposed Rules  II.",0.5028917193412781
regulation that seeks to raise capital r equirements for banks is put into place. ,"64188 Federal Register / Vol. 88, No. 179 / Monday, September 18, 2023 / Proposed Rules  unconditionally guaranteed by the FDIC  or the National Credit Union Administration.   (ii) A [BANKING ORGANIZATION]  must assign a 20 percent risk weight to the portion of an exposure that is conditionally guaranteed by the U.S. government, its central bank, or a U.S.  government agency.",0.5027691721916199
I am writing to express my concerns about the proposed bank regulatory c apital requirements that ,"64257 Federal Register / Vol. 88, No. 179 / Monday, September 18, 2023 / Proposed Rules  BILLING CODE 6210–01–C; 6714–01–C; 4810–33–C  (iii) For purposes of aggregating risk  weighted delta sensitivities of equity  risk within a bucket as specified in §ll.206(b)(2), a [BANKING  ORGANIZATION] must use the following correlation parameters: (A) For buckets 1 through 10 and 12  through 13, the correlation parameter ρ kl  between two risk weighted delta sensitivities WS kand WS lis as follows:  VerDate Sep<11>2014 20:05 Sep 15, 2023 Jkt 259001 PO 00000 Frm 00231",0.5023531913757324
"cease to exist under new regulations, as banks become more conservative in who they provide loans ","64231 Federal Register / Vol. 88, No. 179 / Monday, September 18, 2023 / Proposed Rules  509Securities subject to repurchase and lending  agreements are included as if they are still owned  by the lender.  ",0.5023291707038879
I am writing to express my concerns about the proposed bank regulatory c apital requirements that ,"64102 Federal Register / Vol. 88, No. 179 / Monday, September 18, 2023 / Proposed Rules  268Specifically, to align with the GAAP  considerations for valuation of market risk covered  positions, the proposal would eliminate the market risk capital rule requirement that a banking organization’s process for valuing covered positions must consider, as appropriate, unearned credit spreads, close-out costs, early termination costs, investing and funding costs, liquidity, and model risk. See 12 CFR 3.203(b)(2) (OCC); 12 CFR  217.203(b)(2) (Board); 12 CFR 324.203(b)(2) (FDIC).",0.5022151470184326
I am writing to express my concerns about the proposed bank regulatory c apital requirements that ,"64200 Federal Register / Vol. 88, No. 179 / Monday, September 18, 2023 / Proposed Rules  (2) Clearing members. A [BANKING  ORGANIZATION]",0.5021503567695618
financial advisors have indicated that raising bank capital requirements is an unnecessary step that ,"64148 Federal Register / Vol. 88, No. 179 / Monday, September 18, 2023 / Proposed Rules  422The agencies would expect a banking  organization to have sound internal capital  assessment processes which would include, but not be limited to, identification of capital adequacy goals with respect to risks, taking into account the strategic focus and business plan of the banking organization, risk identification, measurement, and documentation, as well as a process of internal controls, reviews and audits. the cash leg of the transaction could opt  into this treatment.",0.5019925236701965
I am writing to express my concerns about the proposed bank regulatory c apital requirements that ,"64212 Federal Register / Vol. 88, No. 179 / Monday, September 18, 2023 / Proposed Rules   [BANKING ORGANIZATION] must  determine the exposure amount of the credit derivative under § ll.113.  ",0.5013911724090576
I am writing to express my concerns about the proposed bank regulatory c apital requirements that ,"64242 Federal Register / Vol. 88, No. 179 / Monday, September 18, 2023 / Proposed Rules  (3) Across bucket aggregation. A  [BANKING ORGANIZATION] must  calculate the delta capital requirement for each risk class by aggregating the delta bucket-level risk positions across all of the buckets within the risk class, using the cross-bucket correlation parameter g bcas specified in §ll.206(e) and § ll.209(b), as  follows:  Where,  (i) Sb= SkWS kfor all risk factors in  bucket b and Sc= SkWS kfor all risk  factors in bucket c; and  (ii) If S band Scproduce a negative  number for the overall sum of S b(Kb2)",0.5009236931800842
I am writing to express my concerns about the proposed bank regulatory c apital requirements that ,"64302 Federal Register / Vol. 88, No. 179 / Monday, September 18, 2023 / Proposed Rules  significant investments in the capital of  an unconsolidated financial institution and, if applicable, any investments in a covered debt instrument subject to deduction under this paragraph (c)(5), exceeding the 10 percent threshold for non-significant investments, multiplied by  (B) The ratio of the national bank’s or  Federal savings association’s aggregate non-significant investments in the capital of an unconsolidated financial institution (in the form of such capital component) to the national bank’s or Federal savings association’s total non- significant investments in unconsolidated financial institutions, with an investment in a covered debt instrument being treated as tier 2 capital for this purpose.  ",0.5008522272109985
I am writing to express my concerns about the proposed bank regulatory c apital requirements that ,"64030 Federal Register / Vol. 88, No. 179 / Monday, September 18, 2023 / Proposed Rules  1The term ‘‘banking organizations’’ includes  national banks, state member banks, state  nonmember banks, Federal savings associations, state savings associations, top-tier bank holding companies domiciled in the United States not subject to the Board’s Small Bank Holding Company and Savings and Loan Holding Company  Policy Statement (12 CFR part 225, appendix C), U.S. intermediate holding companies of foreign banking organizations, and top-tier savings and loan holding companies domiciled in the United States, except for certain savings and loan holding companies that are substantially engaged in insurance underwriting or commercial activities and savings and loan holding companies that are subject to the Small Bank Holding Company and Savings and Loan Holding Company Policy Statement.  ",0.5001716613769531
"who look to banks to obtain the capital they need to get them started. However, this strategy could ","64110 Federal Register / Vol. 88, No. 179 / Monday, September 18, 2023 / Proposed Rules  293See section III.H.6.d of this SUPPLEMENTARY   INFORMATION for a more detailed discussion of the  capital add-on for re-designations. 294Separate capital calculations could  unnecessarily increase capital requirement because  they ignore the offsetting benefits between market risk covered positions held by trading desks subject to the internal models approach and those held by trading desks subject to the standardized approach.",0.5001453757286072
