text, rules, percent
immediate notification after experiencing a disruption in services provided to affected banking ,"2310 Federal Register / Vol. 86, No. 7 / Tuesday, January 12, 2021 / Proposed Rules  policies, security procedures, or  acceptable use policies.   (5) Notification incident is a  computer-security incident that a banking organization believes in good faith could materially disrupt, degrade, or impair—  (i) The ability of the banking organization  to carry out banking operations, activities, or  processes, or deliver banking products and services to a material portion of its customer base, in the ordinary course of business;  (ii) Any business line of a banking  organization, including associated operations, services, functions and support, and would result in a material loss of revenue, profit, or franchise value; or  (iii) Those operations of a banking  organization, including associated services, functions and support, as applicable, the failure or discontinuance of which would pose a threat to the financial stability of the United States.  ",0.6888670921325684,TopicPresent
"that impacts its banking organization customers, and why?  Unlike a ‘computer -security incident’ which requires time to identify and evaluate, a disruption in service ","2310 Federal Register / Vol. 86, No. 7 / Tuesday, January 12, 2021 / Proposed Rules  policies, security procedures, or  acceptable use policies.   (5) Notification incident is a  computer-security incident that a banking organization believes in good faith could materially disrupt, degrade, or impair—  (i) The ability of the banking organization  to carry out banking operations, activities, or  processes, or deliver banking products and services to a material portion of its customer base, in the ordinary course of business;  (ii) Any business line of a banking  organization, including associated operations, services, functions and support, and would result in a material loss of revenue, profit, or franchise value; or  (iii) Those operations of a banking  organization, including associated services, functions and support, as applicable, the failure or discontinuance of which would pose a threat to the financial stability of the United States.  ",0.6706518530845642,
notification to the banking organization customers is appropriate  to handle bank customer concerns in a ,"2310 Federal Register / Vol. 86, No. 7 / Tuesday, January 12, 2021 / Proposed Rules  policies, security procedures, or  acceptable use policies.   (5) Notification incident is a  computer-security incident that a banking organization believes in good faith could materially disrupt, degrade, or impair—  (i) The ability of the banking organization  to carry out banking operations, activities, or  processes, or deliver banking products and services to a material portion of its customer base, in the ordinary course of business;  (ii) Any business line of a banking  organization, including associated operations, services, functions and support, and would result in a material loss of revenue, profit, or franchise value; or  (iii) Those operations of a banking  organization, including associated services, functions and support, as applicable, the failure or discontinuance of which would pose a threat to the financial stability of the United States.  ",0.6477572321891785,
that would allow banking organizations to meet the proposed notification incident r equirements?  ,"2310 Federal Register / Vol. 86, No. 7 / Tuesday, January 12, 2021 / Proposed Rules  policies, security procedures, or  acceptable use policies.   (5) Notification incident is a  computer-security incident that a banking organization believes in good faith could materially disrupt, degrade, or impair—  (i) The ability of the banking organization  to carry out banking operations, activities, or  processes, or deliver banking products and services to a material portion of its customer base, in the ordinary course of business;  (ii) Any business line of a banking  organization, including associated operations, services, functions and support, and would result in a material loss of revenue, profit, or franchise value; or  (iii) Those operations of a banking  organization, including associated services, functions and support, as applicable, the failure or discontinuance of which would pose a threat to the financial stability of the United States.  ",0.6390454173088074,
Office of the Comptroller of the Currency  ,"This section of the FEDERAL REGISTER contains notices to the public of the proposedissuance of rules and regulations. Thepurpose of these notices is to give interestedpersons an opportunity to participate in therule making prior to the adoption of the finalrules. Proposed RulesFederal Register2299  Vol. 86, No. 7  Tuesday, January 12, 2021  DEPARTMENT OF THE TREASURY  Office of the Comptroller of the  Currency  12 CFR Part 53  ",0.6297389268875122,
The term ‘notification incident’ should be crafted to include incidents oc curring at third -party service ,"2310 Federal Register / Vol. 86, No. 7 / Tuesday, January 12, 2021 / Proposed Rules  policies, security procedures, or  acceptable use policies.   (5) Notification incident is a  computer-security incident that a banking organization believes in good faith could materially disrupt, degrade, or impair—  (i) The ability of the banking organization  to carry out banking operations, activities, or  processes, or deliver banking products and services to a material portion of its customer base, in the ordinary course of business;  (ii) Any business line of a banking  organization, including associated operations, services, functions and support, and would result in a material loss of revenue, profit, or franchise value; or  (iii) Those operations of a banking  organization, including associated services, functions and support, as applicable, the failure or discontinuance of which would pose a threat to the financial stability of the United States.  ",0.6234904527664185,
"of notification incidents or banking organizations (for example, should banks with t otal assets of less than ","2310 Federal Register / Vol. 86, No. 7 / Tuesday, January 12, 2021 / Proposed Rules  policies, security procedures, or  acceptable use policies.   (5) Notification incident is a  computer-security incident that a banking organization believes in good faith could materially disrupt, degrade, or impair—  (i) The ability of the banking organization  to carry out banking operations, activities, or  processes, or deliver banking products and services to a material portion of its customer base, in the ordinary course of business;  (ii) Any business line of a banking  organization, including associated operations, services, functions and support, and would result in a material loss of revenue, profit, or franchise value; or  (iii) Those operations of a banking  organization, including associated services, functions and support, as applicable, the failure or discontinuance of which would pose a threat to the financial stability of the United States.  ",0.5939632654190063,
"bank service providers. Any proposed rule, if carefully crafted, could be the cornerstone for ensuring that ","2304 Federal Register / Vol. 86, No. 7 / Tuesday, January 12, 2021 / Proposed Rules  18September 30, 2020 Call Report Data. 19NAICS code 5415 most likely contains many  firms that are not bank service providers, so the  agencies believe using the population of firms in this industry is an overestimate. However, there may be some bank service providers that do not self-identify under NAICS code 5415.   20See U.S. Census Bureau, 2017 SUSB Annual  Data Tables by Establishment Industry (Mar. 2020),  https://www.census.gov/data/tables/2017/econ/ susb/2017-susb-annual.html.",0.5888310670852661,
affected by the computer -security incident. When a ‘computer -security incident’ under the proposed rule ,"2310 Federal Register / Vol. 86, No. 7 / Tuesday, January 12, 2021 / Proposed Rules  policies, security procedures, or  acceptable use policies.   (5) Notification incident is a  computer-security incident that a banking organization believes in good faith could materially disrupt, degrade, or impair—  (i) The ability of the banking organization  to carry out banking operations, activities, or  processes, or deliver banking products and services to a material portion of its customer base, in the ordinary course of business;  (ii) Any business line of a banking  organization, including associated operations, services, functions and support, and would result in a material loss of revenue, profit, or franchise value; or  (iii) Those operations of a banking  organization, including associated services, functions and support, as applicable, the failure or discontinuance of which would pose a threat to the financial stability of the United States.  ",0.5885676741600037,
12. Within what timeframe should bank service providers provide notification  to banking organizations? Is ,"2310 Federal Register / Vol. 86, No. 7 / Tuesday, January 12, 2021 / Proposed Rules  policies, security procedures, or  acceptable use policies.   (5) Notification incident is a  computer-security incident that a banking organization believes in good faith could materially disrupt, degrade, or impair—  (i) The ability of the banking organization  to carry out banking operations, activities, or  processes, or deliver banking products and services to a material portion of its customer base, in the ordinary course of business;  (ii) Any business line of a banking  organization, including associated operations, services, functions and support, and would result in a material loss of revenue, profit, or franchise value; or  (iii) Those operations of a banking  organization, including associated services, functions and support, as applicable, the failure or discontinuance of which would pose a threat to the financial stability of the United States.  ",0.5843995809555054,
affected by the computer -security incident. When a ‘computer -security incident’ under the proposed rule ,"2301 Federal Register / Vol. 86, No. 7 / Tuesday, January 12, 2021 / Proposed Rules  512 U.S.C. 1861–67.   6Bank service providers would include both bank  service companies and third-party providers under  the BSCA.   7These computer-security incidents may include  major computer-system failures, cyber-related interruptions, such as coordinated denial of service and ransomware attacks, or other types of significant operational interruptions.",0.583853006362915,
The proposed rule would require such notification upon the occurrence of a notification incident as soon ,"2306 Federal Register / Vol. 86, No. 7 / Tuesday, January 12, 2021 / Proposed Rules  FMUs? For designated FMUs for which  the Board is the Supervisory Agency under Title VIII of the Dodd-Frank Act, would notification requirements best be conveyed through this proposed rule or through amendments to the Board’s Regulation HH?   7.",0.5797233581542969,
"1. How should the definition of ‘‘computer -security incident’’ be modified, if ","2310 Federal Register / Vol. 86, No. 7 / Tuesday, January 12, 2021 / Proposed Rules  policies, security procedures, or  acceptable use policies.   (5) Notification incident is a  computer-security incident that a banking organization believes in good faith could materially disrupt, degrade, or impair—  (i) The ability of the banking organization  to carry out banking operations, activities, or  processes, or deliver banking products and services to a material portion of its customer base, in the ordinary course of business;  (ii) Any business line of a banking  organization, including associated operations, services, functions and support, and would result in a material loss of revenue, profit, or franchise value; or  (iii) Those operations of a banking  organization, including associated services, functions and support, as applicable, the failure or discontinuance of which would pose a threat to the financial stability of the United States.  ",0.5790864825248718,
organization customers or only those affected by a computer -security incident under the proposed rule?  ,"2301 Federal Register / Vol. 86, No. 7 / Tuesday, January 12, 2021 / Proposed Rules  512 U.S.C. 1861–67.   6Bank service providers would include both bank  service companies and third-party providers under  the BSCA.   7These computer-security incidents may include  major computer-system failures, cyber-related interruptions, such as coordinated denial of service and ransomware attacks, or other types of significant operational interruptions.",0.5786296129226685,
The proposed rule would require such notification upon the occurrence of a notification incident as soon ,"2310 Federal Register / Vol. 86, No. 7 / Tuesday, January 12, 2021 / Proposed Rules  policies, security procedures, or  acceptable use policies.   (5) Notification incident is a  computer-security incident that a banking organization believes in good faith could materially disrupt, degrade, or impair—  (i) The ability of the banking organization  to carry out banking operations, activities, or  processes, or deliver banking products and services to a material portion of its customer base, in the ordinary course of business;  (ii) Any business line of a banking  organization, including associated operations, services, functions and support, and would result in a material loss of revenue, profit, or franchise value; or  (iii) Those operations of a banking  organization, including associated services, functions and support, as applicable, the failure or discontinuance of which would pose a threat to the financial stability of the United States.  ",0.5754379034042358,
"that impacts its banking organization customers, and why?  Unlike a ‘computer -security incident’ which requires time to identify and evaluate, a disruption in service ","2301 Federal Register / Vol. 86, No. 7 / Tuesday, January 12, 2021 / Proposed Rules  512 U.S.C. 1861–67.   6Bank service providers would include both bank  service companies and third-party providers under  the BSCA.   7These computer-security incidents may include  major computer-system failures, cyber-related interruptions, such as coordinated denial of service and ransomware attacks, or other types of significant operational interruptions.",0.5754351019859314,
organization customers or only those affected by a computer -security incident under the proposed rule?  ,"2310 Federal Register / Vol. 86, No. 7 / Tuesday, January 12, 2021 / Proposed Rules  policies, security procedures, or  acceptable use policies.   (5) Notification incident is a  computer-security incident that a banking organization believes in good faith could materially disrupt, degrade, or impair—  (i) The ability of the banking organization  to carry out banking operations, activities, or  processes, or deliver banking products and services to a material portion of its customer base, in the ordinary course of business;  (ii) Any business line of a banking  organization, including associated operations, services, functions and support, and would result in a material loss of revenue, profit, or franchise value; or  (iii) Those operations of a banking  organization, including associated services, functions and support, as applicable, the failure or discontinuance of which would pose a threat to the financial stability of the United States.  ",0.5711603164672852,
"bank when the disruption of service is noticed and not the bank service provider, so immediate ","2310 Federal Register / Vol. 86, No. 7 / Tuesday, January 12, 2021 / Proposed Rules  policies, security procedures, or  acceptable use policies.   (5) Notification incident is a  computer-security incident that a banking organization believes in good faith could materially disrupt, degrade, or impair—  (i) The ability of the banking organization  to carry out banking operations, activities, or  processes, or deliver banking products and services to a material portion of its customer base, in the ordinary course of business;  (ii) Any business line of a banking  organization, including associated operations, services, functions and support, and would result in a material loss of revenue, profit, or franchise value; or  (iii) Those operations of a banking  organization, including associated services, functions and support, as applicable, the failure or discontinuance of which would pose a threat to the financial stability of the United States.  ",0.5707511901855469,
Via Regulations.gov   ,"2309 Federal Register / Vol. 86, No. 7 / Tuesday, January 12, 2021 / Proposed Rules  38Codified at 12 U.S.C. 4809. 39Public Law 103–325, 108 Stat. 2160.   4012 U.S.C. 4802(b)(1).",0.5692713260650635,
providers that collect banking related information. Sub -contractors of third -party service providers with ,"2304 Federal Register / Vol. 86, No. 7 / Tuesday, January 12, 2021 / Proposed Rules  18September 30, 2020 Call Report Data. 19NAICS code 5415 most likely contains many  firms that are not bank service providers, so the  agencies believe using the population of firms in this industry is an overestimate. However, there may be some bank service providers that do not self-identify under NAICS code 5415.   20See U.S. Census Bureau, 2017 SUSB Annual  Data Tables by Establishment Industry (Mar. 2020),  https://www.census.gov/data/tables/2017/econ/ susb/2017-susb-annual.html.",0.5581831336021423,
banking organizations.  ,"2304 Federal Register / Vol. 86, No. 7 / Tuesday, January 12, 2021 / Proposed Rules  18September 30, 2020 Call Report Data. 19NAICS code 5415 most likely contains many  firms that are not bank service providers, so the  agencies believe using the population of firms in this industry is an overestimate. However, there may be some bank service providers that do not self-identify under NAICS code 5415.   20See U.S. Census Bureau, 2017 SUSB Annual  Data Tables by Establishment Industry (Mar. 2020),  https://www.census.gov/data/tables/2017/econ/ susb/2017-susb-annual.html.",0.5579612851142883,
"bank when the disruption of service is noticed and not the bank service provider, so immediate ","2301 Federal Register / Vol. 86, No. 7 / Tuesday, January 12, 2021 / Proposed Rules  512 U.S.C. 1861–67.   6Bank service providers would include both bank  service companies and third-party providers under  the BSCA.   7These computer-security incidents may include  major computer-system failures, cyber-related interruptions, such as coordinated denial of service and ransomware attacks, or other types of significant operational interruptions.",0.5564631223678589,
the disruption in service. Customers of those banking organization customers will no doubt contact their ,"2310 Federal Register / Vol. 86, No. 7 / Tuesday, January 12, 2021 / Proposed Rules  policies, security procedures, or  acceptable use policies.   (5) Notification incident is a  computer-security incident that a banking organization believes in good faith could materially disrupt, degrade, or impair—  (i) The ability of the banking organization  to carry out banking operations, activities, or  processes, or deliver banking products and services to a material portion of its customer base, in the ordinary course of business;  (ii) Any business line of a banking  organization, including associated operations, services, functions and support, and would result in a material loss of revenue, profit, or franchise value; or  (iii) Those operations of a banking  organization, including associated services, functions and support, as applicable, the failure or discontinuance of which would pose a threat to the financial stability of the United States.  ",0.5500407814979553,
Via Regulations.gov   ,"2306 Federal Register / Vol. 86, No. 7 / Tuesday, January 12, 2021 / Proposed Rules  FMUs? For designated FMUs for which  the Board is the Supervisory Agency under Title VIII of the Dodd-Frank Act, would notification requirements best be conveyed through this proposed rule or through amendments to the Board’s Regulation HH?   7.",0.5498034358024597,
that would allow banking organizations to meet the proposed notification incident r equirements?  ,"2301 Federal Register / Vol. 86, No. 7 / Tuesday, January 12, 2021 / Proposed Rules  512 U.S.C. 1861–67.   6Bank service providers would include both bank  service companies and third-party providers under  the BSCA.   7These computer-security incidents may include  major computer-system failures, cyber-related interruptions, such as coordinated denial of service and ransomware attacks, or other types of significant operational interruptions.",0.5491008758544922,
"bank service providers. Any proposed rule, if carefully crafted, could be the cornerstone for ensuring that ","2301 Federal Register / Vol. 86, No. 7 / Tuesday, January 12, 2021 / Proposed Rules  512 U.S.C. 1861–67.   6Bank service providers would include both bank  service companies and third-party providers under  the BSCA.   7These computer-security incidents may include  major computer-system failures, cyber-related interruptions, such as coordinated denial of service and ransomware attacks, or other types of significant operational interruptions.",0.5485796332359314,
is inst antaneously apparent and bank service providers can immediately notify banking organizations of ,"2310 Federal Register / Vol. 86, No. 7 / Tuesday, January 12, 2021 / Proposed Rules  policies, security procedures, or  acceptable use policies.   (5) Notification incident is a  computer-security incident that a banking organization believes in good faith could materially disrupt, degrade, or impair—  (i) The ability of the banking organization  to carry out banking operations, activities, or  processes, or deliver banking products and services to a material portion of its customer base, in the ordinary course of business;  (ii) Any business line of a banking  organization, including associated operations, services, functions and support, and would result in a material loss of revenue, profit, or franchise value; or  (iii) Those operations of a banking  organization, including associated services, functions and support, as applicable, the failure or discontinuance of which would pose a threat to the financial stability of the United States.  ",0.5484973788261414,
Office of the Comptroller of the Currency  ,"2302 Federal Register / Vol. 86, No. 7 / Tuesday, January 12, 2021 / Proposed Rules  1212 U.S.C. 1867(c)(2).   13See 12 U.S.C. 1, 93a, 161, 481, 1463, 1464,  1861–1867, and 3102 (OCC); 12 U.S.C. 321–338a,  1467a(g), 1818(b), 1844(b), 1861–1867, 3101 et seq.,  and 5365 (Board); 12 U.S.C. 1463, 1811, 1813, 1817, 1819, and 1861–1867 (FDIC). 14See 12 U.S.C. 1863–64.  ",0.546471357345581,
"2. How should the definition of ‘‘notification incident’’ be modified, if at all?  For example, instead of ‘‘computer security incident,’’ should the definition of ‘‘notification incident’’ refer ","2310 Federal Register / Vol. 86, No. 7 / Tuesday, January 12, 2021 / Proposed Rules  policies, security procedures, or  acceptable use policies.   (5) Notification incident is a  computer-security incident that a banking organization believes in good faith could materially disrupt, degrade, or impair—  (i) The ability of the banking organization  to carry out banking operations, activities, or  processes, or deliver banking products and services to a material portion of its customer base, in the ordinary course of business;  (ii) Any business line of a banking  organization, including associated operations, services, functions and support, and would result in a material loss of revenue, profit, or franchise value; or  (iii) Those operations of a banking  organization, including associated services, functions and support, as applicable, the failure or discontinuance of which would pose a threat to the financial stability of the United States.  ",0.5451689958572388,
11. Should the proposed rule for bank service providers require bank service providers to notify all banking ,"2310 Federal Register / Vol. 86, No. 7 / Tuesday, January 12, 2021 / Proposed Rules  policies, security procedures, or  acceptable use policies.   (5) Notification incident is a  computer-security incident that a banking organization believes in good faith could materially disrupt, degrade, or impair—  (i) The ability of the banking organization  to carry out banking operations, activities, or  processes, or deliver banking products and services to a material portion of its customer base, in the ordinary course of business;  (ii) Any business line of a banking  organization, including associated operations, services, functions and support, and would result in a material loss of revenue, profit, or franchise value; or  (iii) Those operations of a banking  organization, including associated services, functions and support, as applicable, the failure or discontinuance of which would pose a threat to the financial stability of the United States.  ",0.5440589189529419,
The proposed rule would require such notification upon the occurrence of a notification incident as soon ,"2305 Federal Register / Vol. 86, No. 7 / Tuesday, January 12, 2021 / Proposed Rules  22Even at an elevated labor compensation rate of  $200 per hour, the proposed rule would only  impose additional compliance costs of $600 per notification.   23This is informed by the estimate of the  percentage of banking organizations that have notification incidents.  ",0.5427510142326355,
11. Should the proposed rule for bank service providers require bank service providers to notify all banking ,"2304 Federal Register / Vol. 86, No. 7 / Tuesday, January 12, 2021 / Proposed Rules  18September 30, 2020 Call Report Data. 19NAICS code 5415 most likely contains many  firms that are not bank service providers, so the  agencies believe using the population of firms in this industry is an overestimate. However, there may be some bank service providers that do not self-identify under NAICS code 5415.   20See U.S. Census Bureau, 2017 SUSB Annual  Data Tables by Establishment Industry (Mar. 2020),  https://www.census.gov/data/tables/2017/econ/ susb/2017-susb-annual.html.",0.5400761365890503,
customer believes in good faith that the incident occurred. Community banks in particular need the ,"2310 Federal Register / Vol. 86, No. 7 / Tuesday, January 12, 2021 / Proposed Rules  policies, security procedures, or  acceptable use policies.   (5) Notification incident is a  computer-security incident that a banking organization believes in good faith could materially disrupt, degrade, or impair—  (i) The ability of the banking organization  to carry out banking operations, activities, or  processes, or deliver banking products and services to a material portion of its customer base, in the ordinary course of business;  (ii) Any business line of a banking  organization, including associated operations, services, functions and support, and would result in a material loss of revenue, profit, or franchise value; or  (iii) Those operations of a banking  organization, including associated services, functions and support, as applicable, the failure or discontinuance of which would pose a threat to the financial stability of the United States.  ",0.5372177958488464,
that would allow banking organizations to meet the proposed notification incident r equirements?  ,"2307 Federal Register / Vol. 86, No. 7 / Tuesday, January 12, 2021 / Proposed Rules  26For purposes of these calculations, the agencies  assume that the frequency is 1 response per  respondent.   27The number of respondents for the reporting  requirement is based on allocating the estimated 150 notification incidents among the agencies based on the percentage of entities supervised by each agency. The FDIC represents the majority of the banking organizations (64 percent), while the Board supervises approximately 21 percent of the banking organizations, with the OCC supervising the remaining 15 percent of banking organizations.",0.532607913017273,
Bank service providers should only notify those customers affected by the computer -service incident. To ,"2310 Federal Register / Vol. 86, No. 7 / Tuesday, January 12, 2021 / Proposed Rules  policies, security procedures, or  acceptable use policies.   (5) Notification incident is a  computer-security incident that a banking organization believes in good faith could materially disrupt, degrade, or impair—  (i) The ability of the banking organization  to carry out banking operations, activities, or  processes, or deliver banking products and services to a material portion of its customer base, in the ordinary course of business;  (ii) Any business line of a banking  organization, including associated operations, services, functions and support, and would result in a material loss of revenue, profit, or franchise value; or  (iii) Those operations of a banking  organization, including associated services, functions and support, as applicable, the failure or discontinuance of which would pose a threat to the financial stability of the United States.  ",0.5311093926429749,
"more than 350 independent, community banks domiciled in Texas.   ","2304 Federal Register / Vol. 86, No. 7 / Tuesday, January 12, 2021 / Proposed Rules  18September 30, 2020 Call Report Data. 19NAICS code 5415 most likely contains many  firms that are not bank service providers, so the  agencies believe using the population of firms in this industry is an overestimate. However, there may be some bank service providers that do not self-identify under NAICS code 5415.   20See U.S. Census Bureau, 2017 SUSB Annual  Data Tables by Establishment Industry (Mar. 2020),  https://www.census.gov/data/tables/2017/econ/ susb/2017-susb-annual.html.",0.5310333967208862,
Via Regulations.gov   ,"This section of the FEDERAL REGISTER contains notices to the public of the proposedissuance of rules and regulations. Thepurpose of these notices is to give interestedpersons an opportunity to participate in therule making prior to the adoption of the finalrules. Proposed RulesFederal Register2299  Vol. 86, No. 7  Tuesday, January 12, 2021  DEPARTMENT OF THE TREASURY  Office of the Comptroller of the  Currency  12 CFR Part 53  ",0.528245747089386,
11. Should the proposed rule for bank service providers require bank service providers to notify all banking ,"2301 Federal Register / Vol. 86, No. 7 / Tuesday, January 12, 2021 / Proposed Rules  512 U.S.C. 1861–67.   6Bank service providers would include both bank  service companies and third-party providers under  the BSCA.   7These computer-security incidents may include  major computer-system failures, cyber-related interruptions, such as coordinated denial of service and ransomware attacks, or other types of significant operational interruptions.",0.5279836058616638,
Office of the Comptroller of the Currency  ,"2308 Federal Register / Vol. 86, No. 7 / Tuesday, January 12, 2021 / Proposed Rules  29See 13 CFR 121.201; 84 FR 34261 (July 18,  2019).   30State member bank data is derived from March  31, 2020 Call Reports. Data for bank holding  companies and savings and loan holding companies are derived from the June 30, 2020, FR Y–9C and FR Y–9SP.",0.5258249640464783,
12. Within what timeframe should bank service providers provide notification  to banking organizations? Is ,"2301 Federal Register / Vol. 86, No. 7 / Tuesday, January 12, 2021 / Proposed Rules  512 U.S.C. 1861–67.   6Bank service providers would include both bank  service companies and third-party providers under  the BSCA.   7These computer-security incidents may include  major computer-system failures, cyber-related interruptions, such as coordinated denial of service and ransomware attacks, or other types of significant operational interruptions.",0.5255105495452881,
amount of time for a bank service provider to determine it has experienced a material disruption in service ,"2310 Federal Register / Vol. 86, No. 7 / Tuesday, January 12, 2021 / Proposed Rules  policies, security procedures, or  acceptable use policies.   (5) Notification incident is a  computer-security incident that a banking organization believes in good faith could materially disrupt, degrade, or impair—  (i) The ability of the banking organization  to carry out banking operations, activities, or  processes, or deliver banking products and services to a material portion of its customer base, in the ordinary course of business;  (ii) Any business line of a banking  organization, including associated operations, services, functions and support, and would result in a material loss of revenue, profit, or franchise value; or  (iii) Those operations of a banking  organization, including associated services, functions and support, as applicable, the failure or discontinuance of which would pose a threat to the financial stability of the United States.  ",0.5251998901367188,
the incident occurred. That should be revised to not exceed 48 -hours after the banking organization ,"2310 Federal Register / Vol. 86, No. 7 / Tuesday, January 12, 2021 / Proposed Rules  policies, security procedures, or  acceptable use policies.   (5) Notification incident is a  computer-security incident that a banking organization believes in good faith could materially disrupt, degrade, or impair—  (i) The ability of the banking organization  to carry out banking operations, activities, or  processes, or deliver banking products and services to a material portion of its customer base, in the ordinary course of business;  (ii) Any business line of a banking  organization, including associated operations, services, functions and support, and would result in a material loss of revenue, profit, or franchise value; or  (iii) Those operations of a banking  organization, including associated services, functions and support, as applicable, the failure or discontinuance of which would pose a threat to the financial stability of the United States.  ",0.5239478945732117,
that would allow banking organizations to meet the proposed notification incident r equirements?  ,"2305 Federal Register / Vol. 86, No. 7 / Tuesday, January 12, 2021 / Proposed Rules  22Even at an elevated labor compensation rate of  $200 per hour, the proposed rule would only  impose additional compliance costs of $600 per notification.   23This is informed by the estimate of the  percentage of banking organizations that have notification incidents.  ",0.5206440091133118,
Via Regulations.gov   ,"2311 Federal Register / Vol. 86, No. 7 / Tuesday, January 12, 2021 / Proposed Rules  ■5. Revise § 304.1 to read as follows:  § 304.1 Purpose.   This subpart informs the public where  it may obtain forms and instructions for  reports, applications, and other submittals used by the FDIC, and describes certain forms that are not described elsewhere in FDIC regulations.  ",0.5195981860160828,
12. Within what timeframe should bank service providers provide notification  to banking organizations? Is ,"2307 Federal Register / Vol. 86, No. 7 / Tuesday, January 12, 2021 / Proposed Rules  26For purposes of these calculations, the agencies  assume that the frequency is 1 response per  respondent.   27The number of respondents for the reporting  requirement is based on allocating the estimated 150 notification incidents among the agencies based on the percentage of entities supervised by each agency. The FDIC represents the majority of the banking organizations (64 percent), while the Board supervises approximately 21 percent of the banking organizations, with the OCC supervising the remaining 15 percent of banking organizations.",0.5190675854682922,
9. Do existing contracts between banking organizations and bank service providers already have provisions ,"2304 Federal Register / Vol. 86, No. 7 / Tuesday, January 12, 2021 / Proposed Rules  18September 30, 2020 Call Report Data. 19NAICS code 5415 most likely contains many  firms that are not bank service providers, so the  agencies believe using the population of firms in this industry is an overestimate. However, there may be some bank service providers that do not self-identify under NAICS code 5415.   20See U.S. Census Bureau, 2017 SUSB Annual  Data Tables by Establishment Industry (Mar. 2020),  https://www.census.gov/data/tables/2017/econ/ susb/2017-susb-annual.html.",0.5174838304519653,
Board of Governors of the Federal Reserve System  ,"2308 Federal Register / Vol. 86, No. 7 / Tuesday, January 12, 2021 / Proposed Rules  29See 13 CFR 121.201; 84 FR 34261 (July 18,  2019).   30State member bank data is derived from March  31, 2020 Call Reports. Data for bank holding  companies and savings and loan holding companies are derived from the June 30, 2020, FR Y–9C and FR Y–9SP.",0.5173702239990234,
12. Within what timeframe should bank service providers provide notification  to banking organizations? Is ,"2304 Federal Register / Vol. 86, No. 7 / Tuesday, January 12, 2021 / Proposed Rules  18September 30, 2020 Call Report Data. 19NAICS code 5415 most likely contains many  firms that are not bank service providers, so the  agencies believe using the population of firms in this industry is an overestimate. However, there may be some bank service providers that do not self-identify under NAICS code 5415.   20See U.S. Census Bureau, 2017 SUSB Annual  Data Tables by Establishment Industry (Mar. 2020),  https://www.census.gov/data/tables/2017/econ/ susb/2017-susb-annual.html.",0.5164276361465454,
Office of the Comptroller of the Currency  ,"2300 Federal Register / Vol. 86, No. 7 / Tuesday, January 12, 2021 / Proposed Rules  1See Federal Bureau of Investigation, internet  Crime Complaint Center, 2019 internet Crime  Report at 5 (last accessed Sept. 4, 2020), available  at https://pdf.ic3.gov/2019_ IC3Report.pdf. 2See Cybercriminals and Fraudsters: How Bad  Actors Are Exploiting the Financial System During the COVID–19 Pandemic: Virtual Hearing Before the Subcommittee on National Security, International Development and Monetary Policy of the U.S. House Committee on Financial Services 116th Congress (2020) (written statement of Tom Kellerman, Head of Cybersecurity Strategy, VMware, Inc.), available at https://financialservices.house.gov/uploadedfiles/hhrg- 116-ba10-wstate-kellermannt-20200616.pdf.   3As defined by the proposed rule, a computer-  security incident is an occurrence that results in actual or potential harm to the confidentiality, integrity, or availability of an information system or the information that the system processes, stores, or transmits; or constitutes a violation or imminent threat of violation of security policies, security procedures, or acceptable use policies.",0.5163661241531372,
of bank service providers as w ell.  ,"2304 Federal Register / Vol. 86, No. 7 / Tuesday, January 12, 2021 / Proposed Rules  18September 30, 2020 Call Report Data. 19NAICS code 5415 most likely contains many  firms that are not bank service providers, so the  agencies believe using the population of firms in this industry is an overestimate. However, there may be some bank service providers that do not self-identify under NAICS code 5415.   20See U.S. Census Bureau, 2017 SUSB Annual  Data Tables by Establishment Industry (Mar. 2020),  https://www.census.gov/data/tables/2017/econ/ susb/2017-susb-annual.html.",0.5158997774124146,
Via Regulations.gov   ,"2302 Federal Register / Vol. 86, No. 7 / Tuesday, January 12, 2021 / Proposed Rules  1212 U.S.C. 1867(c)(2).   13See 12 U.S.C. 1, 93a, 161, 481, 1463, 1464,  1861–1867, and 3102 (OCC); 12 U.S.C. 321–338a,  1467a(g), 1818(b), 1844(b), 1861–1867, 3101 et seq.,  and 5365 (Board); 12 U.S.C. 1463, 1811, 1813, 1817, 1819, and 1861–1867 (FDIC). 14See 12 U.S.C. 1863–64.  ",0.5148178339004517,
immediate notification after experiencing a disruption in services provided to affected banking ,"2301 Federal Register / Vol. 86, No. 7 / Tuesday, January 12, 2021 / Proposed Rules  512 U.S.C. 1861–67.   6Bank service providers would include both bank  service companies and third-party providers under  the BSCA.   7These computer-security incidents may include  major computer-system failures, cyber-related interruptions, such as coordinated denial of service and ransomware attacks, or other types of significant operational interruptions.",0.5136519074440002,
9. Do existing contracts between banking organizations and bank service providers already have provisions ,"2301 Federal Register / Vol. 86, No. 7 / Tuesday, January 12, 2021 / Proposed Rules  512 U.S.C. 1861–67.   6Bank service providers would include both bank  service companies and third-party providers under  the BSCA.   7These computer-security incidents may include  major computer-system failures, cyber-related interruptions, such as coordinated denial of service and ransomware attacks, or other types of significant operational interruptions.",0.5126869678497314,
bank organizations and bank service providers have a clear and reasonable standard for the notification ,"2310 Federal Register / Vol. 86, No. 7 / Tuesday, January 12, 2021 / Proposed Rules  policies, security procedures, or  acceptable use policies.   (5) Notification incident is a  computer-security incident that a banking organization believes in good faith could materially disrupt, degrade, or impair—  (i) The ability of the banking organization  to carry out banking operations, activities, or  processes, or deliver banking products and services to a material portion of its customer base, in the ordinary course of business;  (ii) Any business line of a banking  organization, including associated operations, services, functions and support, and would result in a material loss of revenue, profit, or franchise value; or  (iii) Those operations of a banking  organization, including associated services, functions and support, as applicable, the failure or discontinuance of which would pose a threat to the financial stability of the United States.  ",0.5124392509460449,
include only occurrences that constitute an actual violation of security ,"2310 Federal Register / Vol. 86, No. 7 / Tuesday, January 12, 2021 / Proposed Rules  policies, security procedures, or  acceptable use policies.   (5) Notification incident is a  computer-security incident that a banking organization believes in good faith could materially disrupt, degrade, or impair—  (i) The ability of the banking organization  to carry out banking operations, activities, or  processes, or deliver banking products and services to a material portion of its customer base, in the ordinary course of business;  (ii) Any business line of a banking  organization, including associated operations, services, functions and support, and would result in a material loss of revenue, profit, or franchise value; or  (iii) Those operations of a banking  organization, including associated services, functions and support, as applicable, the failure or discontinuance of which would pose a threat to the financial stability of the United States.  ",0.5120135545730591,
that would allow banking organizations to meet the proposed notification incident r equirements?  ,"2306 Federal Register / Vol. 86, No. 7 / Tuesday, January 12, 2021 / Proposed Rules  FMUs? For designated FMUs for which  the Board is the Supervisory Agency under Title VIII of the Dodd-Frank Act, would notification requirements best be conveyed through this proposed rule or through amendments to the Board’s Regulation HH?   7.",0.5100265145301819,
banking related information.  ,"2308 Federal Register / Vol. 86, No. 7 / Tuesday, January 12, 2021 / Proposed Rules  29See 13 CFR 121.201; 84 FR 34261 (July 18,  2019).   30State member bank data is derived from March  31, 2020 Call Reports. Data for bank holding  companies and savings and loan holding companies are derived from the June 30, 2020, FR Y–9C and FR Y–9SP.",0.5086761713027954,
Office of the Comptroller of the Currency  ,"2309 Federal Register / Vol. 86, No. 7 / Tuesday, January 12, 2021 / Proposed Rules  38Codified at 12 U.S.C. 4809. 39Public Law 103–325, 108 Stat. 2160.   4012 U.S.C. 4802(b)(1).",0.5081235766410828,
banking organizations.  ,"2310 Federal Register / Vol. 86, No. 7 / Tuesday, January 12, 2021 / Proposed Rules  policies, security procedures, or  acceptable use policies.   (5) Notification incident is a  computer-security incident that a banking organization believes in good faith could materially disrupt, degrade, or impair—  (i) The ability of the banking organization  to carry out banking operations, activities, or  processes, or deliver banking products and services to a material portion of its customer base, in the ordinary course of business;  (ii) Any business line of a banking  organization, including associated operations, services, functions and support, and would result in a material loss of revenue, profit, or franchise value; or  (iii) Those operations of a banking  organization, including associated services, functions and support, as applicable, the failure or discontinuance of which would pose a threat to the financial stability of the United States.  ",0.5026224255561829,
notify all banking organization customers will not doubt cause the banking organization customers and ,"2310 Federal Register / Vol. 86, No. 7 / Tuesday, January 12, 2021 / Proposed Rules  policies, security procedures, or  acceptable use policies.   (5) Notification incident is a  computer-security incident that a banking organization believes in good faith could materially disrupt, degrade, or impair—  (i) The ability of the banking organization  to carry out banking operations, activities, or  processes, or deliver banking products and services to a material portion of its customer base, in the ordinary course of business;  (ii) Any business line of a banking  organization, including associated operations, services, functions and support, and would result in a material loss of revenue, profit, or franchise value; or  (iii) Those operations of a banking  organization, including associated services, functions and support, as applicable, the failure or discontinuance of which would pose a threat to the financial stability of the United States.  ",0.5010077357292175,
The proposed rule would require such notification upon the occurrence of a notification incident as soon ,"This section of the FEDERAL REGISTER contains notices to the public of the proposedissuance of rules and regulations. Thepurpose of these notices is to give interestedpersons an opportunity to participate in therule making prior to the adoption of the finalrules. Proposed RulesFederal Register2299  Vol. 86, No. 7  Tuesday, January 12, 2021  DEPARTMENT OF THE TREASURY  Office of the Comptroller of the  Currency  12 CFR Part 53  ",0.5006973743438721,
