Re:  Computer -Security Incident Notification Requirements for Banking Organizations and Their ,"2310 Federal Register / Vol. 86, No. 7 / Tuesday, January 12, 2021 / Proposed Rules  policies, security procedures, or  acceptable use policies.   (5) Notification incident is a  computer-security incident that a banking organization believes in good faith could materially disrupt, degrade, or impair—  (i) The ability of the banking organization  to carry out banking operations, activities, or  processes, or deliver banking products and services to a material portion of its customer base, in the ordinary course of business;  (ii) Any business line of a banking  organization, including associated operations, services, functions and support, and would result in a material loss of revenue, profit, or franchise value; or  (iii) Those operations of a banking  organization, including associated services, functions and support, as applicable, the failure or discontinuance of which would pose a threat to the financial stability of the United States.  ",0.752484917640686,TopicPresent
Re:  Computer -Security Incident Notification Requirements for Banking Organizations and Their ,"2301 Federal Register / Vol. 86, No. 7 / Tuesday, January 12, 2021 / Proposed Rules  512 U.S.C. 1861–67.   6Bank service providers would include both bank  service companies and third-party providers under  the BSCA.   7These computer-security incidents may include  major computer-system failures, cyber-related interruptions, such as coordinated denial of service and ransomware attacks, or other types of significant operational interruptions.",0.6661388874053955,
computer -security incident and when such incident would rise to the level of a notification incident. ,"2310 Federal Register / Vol. 86, No. 7 / Tuesday, January 12, 2021 / Proposed Rules  policies, security procedures, or  acceptable use policies.   (5) Notification incident is a  computer-security incident that a banking organization believes in good faith could materially disrupt, degrade, or impair—  (i) The ability of the banking organization  to carry out banking operations, activities, or  processes, or deliver banking products and services to a material portion of its customer base, in the ordinary course of business;  (ii) Any business line of a banking  organization, including associated operations, services, functions and support, and would result in a material loss of revenue, profit, or franchise value; or  (iii) Those operations of a banking  organization, including associated services, functions and support, as applicable, the failure or discontinuance of which would pose a threat to the financial stability of the United States.  ",0.6605904698371887,
"the January 2021 notice of proposed rulemaking, Computer -Security Incident Notification ","2310 Federal Register / Vol. 86, No. 7 / Tuesday, January 12, 2021 / Proposed Rules  policies, security procedures, or  acceptable use policies.   (5) Notification incident is a  computer-security incident that a banking organization believes in good faith could materially disrupt, degrade, or impair—  (i) The ability of the banking organization  to carry out banking operations, activities, or  processes, or deliver banking products and services to a material portion of its customer base, in the ordinary course of business;  (ii) Any business line of a banking  organization, including associated operations, services, functions and support, and would result in a material loss of revenue, profit, or franchise value; or  (iii) Those operations of a banking  organization, including associated services, functions and support, as applicable, the failure or discontinuance of which would pose a threat to the financial stability of the United States.  ",0.6419693231582642,
Office of the Comptroller of the Currency  ,"This section of the FEDERAL REGISTER contains notices to the public of the proposedissuance of rules and regulations. Thepurpose of these notices is to give interestedpersons an opportunity to participate in therule making prior to the adoption of the finalrules. Proposed RulesFederal Register2299  Vol. 86, No. 7  Tuesday, January 12, 2021  DEPARTMENT OF THE TREASURY  Office of the Comptroller of the  Currency  12 CFR Part 53  ",0.6297389268875122,
institutions’ daily operations and requiring those providers to notify banks of computer -security ,"2301 Federal Register / Vol. 86, No. 7 / Tuesday, January 12, 2021 / Proposed Rules  512 U.S.C. 1861–67.   6Bank service providers would include both bank  service companies and third-party providers under  the BSCA.   7These computer-security incidents may include  major computer-system failures, cyber-related interruptions, such as coordinated denial of service and ransomware attacks, or other types of significant operational interruptions.",0.626718282699585,
incidents is critical to banks’ ability to mitigate and provide notice to the Agencies. This helps to ,"2310 Federal Register / Vol. 86, No. 7 / Tuesday, January 12, 2021 / Proposed Rules  policies, security procedures, or  acceptable use policies.   (5) Notification incident is a  computer-security incident that a banking organization believes in good faith could materially disrupt, degrade, or impair—  (i) The ability of the banking organization  to carry out banking operations, activities, or  processes, or deliver banking products and services to a material portion of its customer base, in the ordinary course of business;  (ii) Any business line of a banking  organization, including associated operations, services, functions and support, and would result in a material loss of revenue, profit, or franchise value; or  (iii) Those operations of a banking  organization, including associated services, functions and support, as applicable, the failure or discontinuance of which would pose a threat to the financial stability of the United States.  ",0.6049689650535583,
"Requirements for Banking Organizations and Their Bank Service Providers  (“Proposal”), jointly issued ","2304 Federal Register / Vol. 86, No. 7 / Tuesday, January 12, 2021 / Proposed Rules  18September 30, 2020 Call Report Data. 19NAICS code 5415 most likely contains many  firms that are not bank service providers, so the  agencies believe using the population of firms in this industry is an overestimate. However, there may be some bank service providers that do not self-identify under NAICS code 5415.   20See U.S. Census Bureau, 2017 SUSB Annual  Data Tables by Establishment Industry (Mar. 2020),  https://www.census.gov/data/tables/2017/econ/ susb/2017-susb-annual.html.",0.5854858160018921,
"the January 2021 notice of proposed rulemaking, Computer -Security Incident Notification ","2301 Federal Register / Vol. 86, No. 7 / Tuesday, January 12, 2021 / Proposed Rules  512 U.S.C. 1861–67.   6Bank service providers would include both bank  service companies and third-party providers under  the BSCA.   7These computer-security incidents may include  major computer-system failures, cyber-related interruptions, such as coordinated denial of service and ransomware attacks, or other types of significant operational interruptions.",0.5822819471359253,
"Additionally, the rule should permit banking organizations to provide notice to Agencies through ","2310 Federal Register / Vol. 86, No. 7 / Tuesday, January 12, 2021 / Proposed Rules  policies, security procedures, or  acceptable use policies.   (5) Notification incident is a  computer-security incident that a banking organization believes in good faith could materially disrupt, degrade, or impair—  (i) The ability of the banking organization  to carry out banking operations, activities, or  processes, or deliver banking products and services to a material portion of its customer base, in the ordinary course of business;  (ii) Any business line of a banking  organization, including associated operations, services, functions and support, and would result in a material loss of revenue, profit, or franchise value; or  (iii) Those operations of a banking  organization, including associated services, functions and support, as applicable, the failure or discontinuance of which would pose a threat to the financial stability of the United States.  ",0.5706017017364502,
"by the Federal Reserve Board of Governors, the Office of the Comptroller of the Currency, and the ","This section of the FEDERAL REGISTER contains notices to the public of the proposedissuance of rules and regulations. Thepurpose of these notices is to give interestedpersons an opportunity to participate in therule making prior to the adoption of the finalrules. Proposed RulesFederal Register2299  Vol. 86, No. 7  Tuesday, January 12, 2021  DEPARTMENT OF THE TREASURY  Office of the Comptroller of the  Currency  12 CFR Part 53  ",0.5691679120063782,
institutions’ daily operations and requiring those providers to notify banks of computer -security ,"2310 Federal Register / Vol. 86, No. 7 / Tuesday, January 12, 2021 / Proposed Rules  policies, security procedures, or  acceptable use policies.   (5) Notification incident is a  computer-security incident that a banking organization believes in good faith could materially disrupt, degrade, or impair—  (i) The ability of the banking organization  to carry out banking operations, activities, or  processes, or deliver banking products and services to a material portion of its customer base, in the ordinary course of business;  (ii) Any business line of a banking  organization, including associated operations, services, functions and support, and would result in a material loss of revenue, profit, or franchise value; or  (iii) Those operations of a banking  organization, including associated services, functions and support, as applicable, the failure or discontinuance of which would pose a threat to the financial stability of the United States.  ",0.5616408586502075,
 Inclusion of Bank Service Provider Notification Requirements  ,"2304 Federal Register / Vol. 86, No. 7 / Tuesday, January 12, 2021 / Proposed Rules  18September 30, 2020 Call Report Data. 19NAICS code 5415 most likely contains many  firms that are not bank service providers, so the  agencies believe using the population of firms in this industry is an overestimate. However, there may be some bank service providers that do not self-identify under NAICS code 5415.   20See U.S. Census Bureau, 2017 SUSB Annual  Data Tables by Establishment Industry (Mar. 2020),  https://www.census.gov/data/tables/2017/econ/ susb/2017-susb-annual.html.",0.5583440661430359,
"by the Federal Reserve Board of Governors, the Office of the Comptroller of the Currency, and the ","2308 Federal Register / Vol. 86, No. 7 / Tuesday, January 12, 2021 / Proposed Rules  29See 13 CFR 121.201; 84 FR 34261 (July 18,  2019).   30State member bank data is derived from March  31, 2020 Call Reports. Data for bank holding  companies and savings and loan holding companies are derived from the June 30, 2020, FR Y–9C and FR Y–9SP.",0.5579231381416321,
 Inclusion of Bank Service Provider Notification Requirements  ,"2310 Federal Register / Vol. 86, No. 7 / Tuesday, January 12, 2021 / Proposed Rules  policies, security procedures, or  acceptable use policies.   (5) Notification incident is a  computer-security incident that a banking organization believes in good faith could materially disrupt, degrade, or impair—  (i) The ability of the banking organization  to carry out banking operations, activities, or  processes, or deliver banking products and services to a material portion of its customer base, in the ordinary course of business;  (ii) Any business line of a banking  organization, including associated operations, services, functions and support, and would result in a material loss of revenue, profit, or franchise value; or  (iii) Those operations of a banking  organization, including associated services, functions and support, as applicable, the failure or discontinuance of which would pose a threat to the financial stability of the United States.  ",0.5559150576591492,
"the January 2021 notice of proposed rulemaking, Computer -Security Incident Notification ","2300 Federal Register / Vol. 86, No. 7 / Tuesday, January 12, 2021 / Proposed Rules  1See Federal Bureau of Investigation, internet  Crime Complaint Center, 2019 internet Crime  Report at 5 (last accessed Sept. 4, 2020), available  at https://pdf.ic3.gov/2019_ IC3Report.pdf. 2See Cybercriminals and Fraudsters: How Bad  Actors Are Exploiting the Financial System During the COVID–19 Pandemic: Virtual Hearing Before the Subcommittee on National Security, International Development and Monetary Policy of the U.S. House Committee on Financial Services 116th Congress (2020) (written statement of Tom Kellerman, Head of Cybersecurity Strategy, VMware, Inc.), available at https://financialservices.house.gov/uploadedfiles/hhrg- 116-ba10-wstate-kellermannt-20200616.pdf.   3As defined by the proposed rule, a computer-  security incident is an occurrence that results in actual or potential harm to the confidentiality, integrity, or availability of an information system or the information that the system processes, stores, or transmits; or constitutes a violation or imminent threat of violation of security policies, security procedures, or acceptable use policies.",0.5526955723762512,
Office of the Comptroller of the Currency  ,"2302 Federal Register / Vol. 86, No. 7 / Tuesday, January 12, 2021 / Proposed Rules  1212 U.S.C. 1867(c)(2).   13See 12 U.S.C. 1, 93a, 161, 481, 1463, 1464,  1861–1867, and 3102 (OCC); 12 U.S.C. 321–338a,  1467a(g), 1818(b), 1844(b), 1861–1867, 3101 et seq.,  and 5365 (Board); 12 U.S.C. 1463, 1811, 1813, 1817, 1819, and 1861–1867 (FDIC). 14See 12 U.S.C. 1863–64.  ",0.546471357345581,
level outlined in the proposal to be reported.  ,"2303 Federal Register / Vol. 86, No. 7 / Tuesday, January 12, 2021 / Proposed Rules  16Section 165(d) of the Dodd-Frank Act and the  resolution-plan rule, 12 CFR parts 363 and 381 (the  Resolution Planning Rule), require certain financial companies to report periodically to the FDIC and the Board their plans for rapid and orderly resolution in the event of material financial distress or failure. On November 1, 2019, the FDIC and the Board published in the Federal Register amendments to the Resolution Planning Rule.",0.5410864353179932,
computer -security incident and when such incident would rise to the level of a notification incident. ,"2301 Federal Register / Vol. 86, No. 7 / Tuesday, January 12, 2021 / Proposed Rules  512 U.S.C. 1861–67.   6Bank service providers would include both bank  service companies and third-party providers under  the BSCA.   7These computer-security incidents may include  major computer-system failures, cyber-related interruptions, such as coordinated denial of service and ransomware attacks, or other types of significant operational interruptions.",0.5406273007392883,
incidents is critical to banks’ ability to mitigate and provide notice to the Agencies. This helps to ,"2301 Federal Register / Vol. 86, No. 7 / Tuesday, January 12, 2021 / Proposed Rules  512 U.S.C. 1861–67.   6Bank service providers would include both bank  service companies and third-party providers under  the BSCA.   7These computer-security incidents may include  major computer-system failures, cyber-related interruptions, such as coordinated denial of service and ransomware attacks, or other types of significant operational interruptions.",0.5386108160018921,
One of the goals of the Proposal is to provide the Agencies with early notice of significant computer -,"This section of the FEDERAL REGISTER contains notices to the public of the proposedissuance of rules and regulations. Thepurpose of these notices is to give interestedpersons an opportunity to participate in therule making prior to the adoption of the finalrules. Proposed RulesFederal Register2299  Vol. 86, No. 7  Tuesday, January 12, 2021  DEPARTMENT OF THE TREASURY  Office of the Comptroller of the  Currency  12 CFR Part 53  ",0.5302804112434387,
Office of the Comptroller of the Currency  ,"2308 Federal Register / Vol. 86, No. 7 / Tuesday, January 12, 2021 / Proposed Rules  29See 13 CFR 121.201; 84 FR 34261 (July 18,  2019).   30State member bank data is derived from March  31, 2020 Call Reports. Data for bank holding  companies and savings and loan holding companies are derived from the June 30, 2020, FR Y–9C and FR Y–9SP.",0.5258249640464783,
"demand certain contractual provisions that would require this type of notice. However, t hese ","2305 Federal Register / Vol. 86, No. 7 / Tuesday, January 12, 2021 / Proposed Rules  22Even at an elevated labor compensation rate of  $200 per hour, the proposed rule would only  impose additional compliance costs of $600 per notification.   23This is informed by the estimate of the  percentage of banking organizations that have notification incidents.  ",0.5209599137306213,
"by the Federal Reserve Board of Governors, the Office of the Comptroller of the Currency, and the ","2302 Federal Register / Vol. 86, No. 7 / Tuesday, January 12, 2021 / Proposed Rules  1212 U.S.C. 1867(c)(2).   13See 12 U.S.C. 1, 93a, 161, 481, 1463, 1464,  1861–1867, and 3102 (OCC); 12 U.S.C. 321–338a,  1467a(g), 1818(b), 1844(b), 1861–1867, 3101 et seq.,  and 5365 (Board); 12 U.S.C. 1463, 1811, 1813, 1817, 1819, and 1861–1867 (FDIC). 14See 12 U.S.C. 1863–64.  ",0.5203582048416138,
"Additionally, the rule should permit banking organizations to provide notice to Agencies through ","This section of the FEDERAL REGISTER contains notices to the public of the proposedissuance of rules and regulations. Thepurpose of these notices is to give interestedpersons an opportunity to participate in therule making prior to the adoption of the finalrules. Proposed RulesFederal Register2299  Vol. 86, No. 7  Tuesday, January 12, 2021  DEPARTMENT OF THE TREASURY  Office of the Comptroller of the  Currency  12 CFR Part 53  ",0.5201309323310852,
"the January 2021 notice of proposed rulemaking, Computer -Security Incident Notification ","This section of the FEDERAL REGISTER contains notices to the public of the proposedissuance of rules and regulations. Thepurpose of these notices is to give interestedpersons an opportunity to participate in therule making prior to the adoption of the finalrules. Proposed RulesFederal Register2299  Vol. 86, No. 7  Tuesday, January 12, 2021  DEPARTMENT OF THE TREASURY  Office of the Comptroller of the  Currency  12 CFR Part 53  ",0.5199890732765198,
notification framework that provides the timely notice of disruptions to the Age ncies while not ,"2310 Federal Register / Vol. 86, No. 7 / Tuesday, January 12, 2021 / Proposed Rules  policies, security procedures, or  acceptable use policies.   (5) Notification incident is a  computer-security incident that a banking organization believes in good faith could materially disrupt, degrade, or impair—  (i) The ability of the banking organization  to carry out banking operations, activities, or  processes, or deliver banking products and services to a material portion of its customer base, in the ordinary course of business;  (ii) Any business line of a banking  organization, including associated operations, services, functions and support, and would result in a material loss of revenue, profit, or franchise value; or  (iii) Those operations of a banking  organization, including associated services, functions and support, as applicable, the failure or discontinuance of which would pose a threat to the financial stability of the United States.  ",0.5176052451133728,
Board of Governors of the Federal Reserve System  ,"2308 Federal Register / Vol. 86, No. 7 / Tuesday, January 12, 2021 / Proposed Rules  29See 13 CFR 121.201; 84 FR 34261 (July 18,  2019).   30State member bank data is derived from March  31, 2020 Call Reports. Data for bank holding  companies and savings and loan holding companies are derived from the June 30, 2020, FR Y–9C and FR Y–9SP.",0.5173702239990234,
"banks, savings associations as well as their holding companies and affiliated organizations. The Ohio Bankers League has over 170 ","2304 Federal Register / Vol. 86, No. 7 / Tuesday, January 12, 2021 / Proposed Rules  18September 30, 2020 Call Report Data. 19NAICS code 5415 most likely contains many  firms that are not bank service providers, so the  agencies believe using the population of firms in this industry is an overestimate. However, there may be some bank service providers that do not self-identify under NAICS code 5415.   20See U.S. Census Bureau, 2017 SUSB Annual  Data Tables by Establishment Industry (Mar. 2020),  https://www.census.gov/data/tables/2017/econ/ susb/2017-susb-annual.html.",0.5164269208908081,
Office of the Comptroller of the Currency  ,"2300 Federal Register / Vol. 86, No. 7 / Tuesday, January 12, 2021 / Proposed Rules  1See Federal Bureau of Investigation, internet  Crime Complaint Center, 2019 internet Crime  Report at 5 (last accessed Sept. 4, 2020), available  at https://pdf.ic3.gov/2019_ IC3Report.pdf. 2See Cybercriminals and Fraudsters: How Bad  Actors Are Exploiting the Financial System During the COVID–19 Pandemic: Virtual Hearing Before the Subcommittee on National Security, International Development and Monetary Policy of the U.S. House Committee on Financial Services 116th Congress (2020) (written statement of Tom Kellerman, Head of Cybersecurity Strategy, VMware, Inc.), available at https://financialservices.house.gov/uploadedfiles/hhrg- 116-ba10-wstate-kellermannt-20200616.pdf.   3As defined by the proposed rule, a computer-  security incident is an occurrence that results in actual or potential harm to the confidentiality, integrity, or availability of an information system or the information that the system processes, stores, or transmits; or constitutes a violation or imminent threat of violation of security policies, security procedures, or acceptable use policies.",0.5163661241531372,
"Additionally, the rule should permit banking organizations to provide notice to Agencies through ","2307 Federal Register / Vol. 86, No. 7 / Tuesday, January 12, 2021 / Proposed Rules  26For purposes of these calculations, the agencies  assume that the frequency is 1 response per  respondent.   27The number of respondents for the reporting  requirement is based on allocating the estimated 150 notification incidents among the agencies based on the percentage of entities supervised by each agency. The FDIC represents the majority of the banking organizations (64 percent), while the Board supervises approximately 21 percent of the banking organizations, with the OCC supervising the remaining 15 percent of banking organizations.",0.5146703124046326,
Bank Service Providers (Docket ID OCC –2020 –0038 and RIN 1557 –AF02; FRB Docket No. ,"2304 Federal Register / Vol. 86, No. 7 / Tuesday, January 12, 2021 / Proposed Rules  18September 30, 2020 Call Report Data. 19NAICS code 5415 most likely contains many  firms that are not bank service providers, so the  agencies believe using the population of firms in this industry is an overestimate. However, there may be some bank service providers that do not self-identify under NAICS code 5415.   20See U.S. Census Bureau, 2017 SUSB Annual  Data Tables by Establishment Industry (Mar. 2020),  https://www.census.gov/data/tables/2017/econ/ susb/2017-susb-annual.html.",0.5121625661849976,
"Requirements for Banking Organizations and Their Bank Service Providers  (“Proposal”), jointly issued ","2307 Federal Register / Vol. 86, No. 7 / Tuesday, January 12, 2021 / Proposed Rules  26For purposes of these calculations, the agencies  assume that the frequency is 1 response per  respondent.   27The number of respondents for the reporting  requirement is based on allocating the estimated 150 notification incidents among the agencies based on the percentage of entities supervised by each agency. The FDIC represents the majority of the banking organizations (64 percent), while the Board supervises approximately 21 percent of the banking organizations, with the OCC supervising the remaining 15 percent of banking organizations.",0.5119558572769165,
comments@fdic.gov  ,"2303 Federal Register / Vol. 86, No. 7 / Tuesday, January 12, 2021 / Proposed Rules  16Section 165(d) of the Dodd-Frank Act and the  resolution-plan rule, 12 CFR parts 363 and 381 (the  Resolution Planning Rule), require certain financial companies to report periodically to the FDIC and the Board their plans for rapid and orderly resolution in the event of material financial distress or failure. On November 1, 2019, the FDIC and the Board published in the Federal Register amendments to the Resolution Planning Rule.",0.5118774175643921,
"rise to the level of having a deleterious effect on banking organization operations, OBL recommends ","2310 Federal Register / Vol. 86, No. 7 / Tuesday, January 12, 2021 / Proposed Rules  policies, security procedures, or  acceptable use policies.   (5) Notification incident is a  computer-security incident that a banking organization believes in good faith could materially disrupt, degrade, or impair—  (i) The ability of the banking organization  to carry out banking operations, activities, or  processes, or deliver banking products and services to a material portion of its customer base, in the ordinary course of business;  (ii) Any business line of a banking  organization, including associated operations, services, functions and support, and would result in a material loss of revenue, profit, or franchise value; or  (iii) Those operations of a banking  organization, including associated services, functions and support, as applicable, the failure or discontinuance of which would pose a threat to the financial stability of the United States.  ",0.5117019414901733,
www.regulations.gov   ,"2309 Federal Register / Vol. 86, No. 7 / Tuesday, January 12, 2021 / Proposed Rules  38Codified at 12 U.S.C. 4809. 39Public Law 103–325, 108 Stat. 2160.   4012 U.S.C. 4802(b)(1).",0.5104222297668457,
provides the time necessary to properly evaluate whether a computer -security incident rises to the ,"2310 Federal Register / Vol. 86, No. 7 / Tuesday, January 12, 2021 / Proposed Rules  policies, security procedures, or  acceptable use policies.   (5) Notification incident is a  computer-security incident that a banking organization believes in good faith could materially disrupt, degrade, or impair—  (i) The ability of the banking organization  to carry out banking operations, activities, or  processes, or deliver banking products and services to a material portion of its customer base, in the ordinary course of business;  (ii) Any business line of a banking  organization, including associated operations, services, functions and support, and would result in a material loss of revenue, profit, or franchise value; or  (iii) Those operations of a banking  organization, including associated services, functions and support, as applicable, the failure or discontinuance of which would pose a threat to the financial stability of the United States.  ",0.5103909373283386,
"the January 2021 notice of proposed rulemaking, Computer -Security Incident Notification ","2306 Federal Register / Vol. 86, No. 7 / Tuesday, January 12, 2021 / Proposed Rules  FMUs? For designated FMUs for which  the Board is the Supervisory Agency under Title VIII of the Dodd-Frank Act, would notification requirements best be conveyed through this proposed rule or through amendments to the Board’s Regulation HH?   7.",0.5097948908805847,
"security incidents. As such, the Proposal states that the notification “ is not intended  include an ","2310 Federal Register / Vol. 86, No. 7 / Tuesday, January 12, 2021 / Proposed Rules  policies, security procedures, or  acceptable use policies.   (5) Notification incident is a  computer-security incident that a banking organization believes in good faith could materially disrupt, degrade, or impair—  (i) The ability of the banking organization  to carry out banking operations, activities, or  processes, or deliver banking products and services to a material portion of its customer base, in the ordinary course of business;  (ii) Any business line of a banking  organization, including associated operations, services, functions and support, and would result in a material loss of revenue, profit, or franchise value; or  (iii) Those operations of a banking  organization, including associated services, functions and support, as applicable, the failure or discontinuance of which would pose a threat to the financial stability of the United States.  ",0.5084827542304993,
Office of the Comptroller of the Currency  ,"2309 Federal Register / Vol. 86, No. 7 / Tuesday, January 12, 2021 / Proposed Rules  38Codified at 12 U.S.C. 4809. 39Public Law 103–325, 108 Stat. 2160.   4012 U.S.C. 4802(b)(1).",0.5081235766410828,
com puter -security incidents are reported to the Agencies. This is a more concrete standard that also ,"2301 Federal Register / Vol. 86, No. 7 / Tuesday, January 12, 2021 / Proposed Rules  512 U.S.C. 1861–67.   6Bank service providers would include both bank  service companies and third-party providers under  the BSCA.   7These computer-security incidents may include  major computer-system failures, cyber-related interruptions, such as coordinated denial of service and ransomware attacks, or other types of significant operational interruptions.",0.5080315470695496,
comments@fdic.gov  ,"2311 Federal Register / Vol. 86, No. 7 / Tuesday, January 12, 2021 / Proposed Rules  ■5. Revise § 304.1 to read as follows:  § 304.1 Purpose.   This subpart informs the public where  it may obtain forms and instructions for  reports, applications, and other submittals used by the FDIC, and describes certain forms that are not described elsewhere in FDIC regulations.  ",0.507845938205719,
 Inclusion of Bank Service Provider Notification Requirements  ,"2301 Federal Register / Vol. 86, No. 7 / Tuesday, January 12, 2021 / Proposed Rules  512 U.S.C. 1861–67.   6Bank service providers would include both bank  service companies and third-party providers under  the BSCA.   7These computer-security incidents may include  major computer-system failures, cyber-related interruptions, such as coordinated denial of service and ransomware attacks, or other types of significant operational interruptions.",0.5068446397781372,
com puter -security incidents are reported to the Agencies. This is a more concrete standard that also ,"2310 Federal Register / Vol. 86, No. 7 / Tuesday, January 12, 2021 / Proposed Rules  policies, security procedures, or  acceptable use policies.   (5) Notification incident is a  computer-security incident that a banking organization believes in good faith could materially disrupt, degrade, or impair—  (i) The ability of the banking organization  to carry out banking operations, activities, or  processes, or deliver banking products and services to a material portion of its customer base, in the ordinary course of business;  (ii) Any business line of a banking  organization, including associated operations, services, functions and support, and would result in a material loss of revenue, profit, or franchise value; or  (iii) Those operations of a banking  organization, including associated services, functions and support, as applicable, the failure or discontinuance of which would pose a threat to the financial stability of the United States.  ",0.5067139863967896,
level outlined in the proposal to be reported.  ,"2307 Federal Register / Vol. 86, No. 7 / Tuesday, January 12, 2021 / Proposed Rules  26For purposes of these calculations, the agencies  assume that the frequency is 1 response per  respondent.   27The number of respondents for the reporting  requirement is based on allocating the estimated 150 notification incidents among the agencies based on the percentage of entities supervised by each agency. The FDIC represents the majority of the banking organizations (64 percent), while the Board supervises approximately 21 percent of the banking organizations, with the OCC supervising the remaining 15 percent of banking organizations.",0.5061936378479004,
later be deemed as reportable. Overreporting is detrimental to both the Agencies and banks because ,"2304 Federal Register / Vol. 86, No. 7 / Tuesday, January 12, 2021 / Proposed Rules  18September 30, 2020 Call Report Data. 19NAICS code 5415 most likely contains many  firms that are not bank service providers, so the  agencies believe using the population of firms in this industry is an overestimate. However, there may be some bank service providers that do not self-identify under NAICS code 5415.   20See U.S. Census Bureau, 2017 SUSB Annual  Data Tables by Establishment Industry (Mar. 2020),  https://www.census.gov/data/tables/2017/econ/ susb/2017-susb-annual.html.",0.5033101439476013,
"that the proposal be modified in the following ways. Fir st, the definition  of computer -security ","2301 Federal Register / Vol. 86, No. 7 / Tuesday, January 12, 2021 / Proposed Rules  512 U.S.C. 1861–67.   6Bank service providers would include both bank  service companies and third-party providers under  the BSCA.   7These computer-security incidents may include  major computer-system failures, cyber-related interruptions, such as coordinated denial of service and ransomware attacks, or other types of significant operational interruptions.",0.5011895298957825,
"demand certain contractual provisions that would require this type of notice. However, t hese ","This section of the FEDERAL REGISTER contains notices to the public of the proposedissuance of rules and regulations. Thepurpose of these notices is to give interestedpersons an opportunity to participate in therule making prior to the adoption of the finalrules. Proposed RulesFederal Register2299  Vol. 86, No. 7  Tuesday, January 12, 2021  DEPARTMENT OF THE TREASURY  Office of the Comptroller of the  Currency  12 CFR Part 53  ",0.5005195140838623,
"rise to the level of having a deleterious effect on banking organization operations, OBL recommends ","2304 Federal Register / Vol. 86, No. 7 / Tuesday, January 12, 2021 / Proposed Rules  18September 30, 2020 Call Report Data. 19NAICS code 5415 most likely contains many  firms that are not bank service providers, so the  agencies believe using the population of firms in this industry is an overestimate. However, there may be some bank service providers that do not self-identify under NAICS code 5415.   20See U.S. Census Bureau, 2017 SUSB Annual  Data Tables by Establishment Industry (Mar. 2020),  https://www.census.gov/data/tables/2017/econ/ susb/2017-susb-annual.html.",0.5001798272132874,
R–1736 and RIN 7100 –AG06; FDIC RIN 3064 –AF59)  ,"2302 Federal Register / Vol. 86, No. 7 / Tuesday, January 12, 2021 / Proposed Rules  1212 U.S.C. 1867(c)(2).   13See 12 U.S.C. 1, 93a, 161, 481, 1463, 1464,  1861–1867, and 3102 (OCC); 12 U.S.C. 321–338a,  1467a(g), 1818(b), 1844(b), 1861–1867, 3101 et seq.,  and 5365 (Board); 12 U.S.C. 1463, 1811, 1813, 1817, 1819, and 1861–1867 (FDIC). 14See 12 U.S.C. 1863–64.  ",0.5001073479652405,
